"","Ks_5e-06Kd_0.005","Ks_0.000105Kd_0.105","Ks_0.000205Kd_0.205","Ks_0.000305Kd_0.305","Ks_0.000405Kd_0.405","Ks_0.000505Kd_0.505","Ks_0.000605Kd_0.605","Ks_0.000705Kd_0.705","Ks_0.000805Kd_0.805","Ks_0.000905Kd_0.905","Ks_0.001005Kd_1.005","Ks_0.001105Kd_1.105","Ks_0.001205Kd_1.205","Ks_0.001305Kd_1.305","Ks_0.001405Kd_1.405","Ks_0.001505Kd_1.505","Ks_0.001605Kd_1.605","Ks_0.001705Kd_1.705","Ks_0.001805Kd_1.805","Ks_0.001905Kd_1.905","Ks_0.002005Kd_2.005","Ks_0.002105Kd_2.105","Ks_0.002205Kd_2.205","Ks_0.002305Kd_2.305","Ks_0.002405Kd_2.405","Ks_0.002505Kd_2.505","Ks_0.002605Kd_2.605","Ks_0.002705Kd_2.705","Ks_0.002805Kd_2.805","Ks_0.002905Kd_2.905","Ks_0.003005Kd_3.005","Ks_0.003105Kd_3.105","Ks_0.003205Kd_3.205","Ks_0.003305Kd_3.305","Ks_0.003405Kd_3.405","Ks_0.003505Kd_3.505","Ks_0.003605Kd_3.605","Ks_0.003705Kd_3.705","Ks_0.003805Kd_3.805","Ks_0.003905Kd_3.905","Ks_0.004005Kd_4.005","Ks_0.004105Kd_4.105","Ks_0.004205Kd_4.205","Ks_0.004305Kd_4.305","Ks_0.004405Kd_4.405","Ks_0.004505Kd_4.505","Ks_0.004605Kd_4.605","Ks_0.004705Kd_4.705","Ks_0.004805Kd_4.805","Ks_0.004905Kd_4.905"
"1",3.55586426718062,3.13292749896249,3.26427966291943,2.89936850993286,2.86000673322778,3.07757320507858,3.0313668502707,3.06454467175188,3.03336863374016,3.18195649400328,2.7012580111859,3.17283632411022,3.1877864983116,3.00334309377772,3.25913140910384,2.94935962045463,2.96729104676832,3.12417658996896,2.91170989335041,3.03821092379041,3.02445295096628,2.97646180619743,3.00280332355997,3.28702941414494,2.81065252846727,2.82896433960391,2.90727579641413,3.15640682725895,3.22823411958599,3.15042385181271,3.12867541692264,3.21870968485592,3.19009992499275,3.23491357851944,2.94181128014225,2.96587194898156,3.1716869440455,3.03550640418368,3.03989103135914,3.01858383804229,2.9410886572737,2.93914237653618,3.04557174330201,2.65247201141152,3.0889336729089,3.38846966567939,2.94995261395115,3.18771725634112,3.03292130140357,2.9035421131017
"2",3.07026861969433,2.77019145781466,3.18287345111789,2.88125212530234,3.32712516216124,3.09517002670113,2.73009452738241,2.78656352514306,2.81054680501357,2.93330565970955,2.91570008501936,2.86201727900147,2.97514451770979,3.25197239736012,3.03803977549592,3.19444728329097,2.93988403805878,3.18937528289605,2.84464528143847,2.98736337041608,3.11466748977723,2.93841129211752,3.09583503232625,2.93346140586039,2.99195561291789,2.68371774032186,2.86810314756625,2.96586774292043,2.98120341165401,3.29638293500782,3.1571459687306,3.03548590217987,2.88895856546435,2.67978711387577,2.69300154346107,2.95941427879204,2.89243742727166,2.76945222925791,3.13185273201133,3.03491611443519,2.76101436851601,3.1054209153614,2.9795364568163,2.78008174840009,3.14371878647966,2.84880469869347,3.00811422620573,3.16882622358536,3.07455514110115,2.67358766473824
"3",3.51591021125231,2.67485046876866,3.11563672561396,2.57426794468243,2.93920879448711,3.27801819703085,2.94329093733929,2.91463399552632,2.93433840057642,2.9340153863492,3.13467245918411,3.2713239301334,3.11230921715246,2.87913237761242,3.03128390571767,2.88472671788213,2.94745690866158,2.93186931546256,2.95055232125514,2.90426330508441,3.09415618279222,3.13849835618655,3.00882377809738,3.05107055914552,3.10849295422368,2.95826085997059,3.08819874469917,3.26940691032774,2.9776476834834,2.87124697565565,2.93545648551814,2.81277239141133,2.88428759675983,3.0580064757789,3.19239323567634,3.11864045639462,3.00592519373783,3.08840124381671,3.10729690155212,3.1245067148549,2.8671678006145,2.90900239331389,3.03154863398881,3.12064153114013,2.86340730057057,2.93772387813556,3.25894912887306,2.92321947435223,2.77540619703993,3.20864089621075
"4",2.68209487879167,0.686424074421357,0.104219250763469,0.078186132708824,0.0243018725127713,0.19542045287048,0.102713128247095,0.00176459801949744,0.00133373541257038,0.00121036500143963,0.0835650204312595,0.00117309106402253,0.0161251629662287,0.00117878012241282,0.00118261770457092,0.00118611600681797,0.00118923946910476,0.137429838922988,0.111123612468963,0.113491000080589,0.0342522529250033,0.0012003046369068,0.266368942792353,0.00120347049803867,0.00120492790870677,0.00120625296626019,0.00120744557148965,0.206469174551685,0.13277703542354,0.121145070844863,0.169412040761115,0.00121216636207608,0.0806173039122575,0.224639948666047,0.00121438266491591,0.0012150438722609,0.141354398749093,0.124606761414633,0.339436007992948,0.00121727864535465,0.000337229100342528,0.241822797446466,0.0404545808275802,0.00121904364910634,0.00121946508026751,0.00121986774289262,0.00122025179022956,0.0418473762121639,0.00122096508768761,0.00122129504330878
"5",2.4730969126423,0.7478740342405,0.260369772624176,0.0941878494742939,0.0243018725127713,0.0161402378348258,0.0884872782538853,0.00176459801949744,0.254133122409041,0.0800621321955685,0.135338545669998,0.00117309106402253,0.00117505287062399,0.203045511330066,0.0833516101582915,0.00118611600681797,0.00118923946910476,0.210505040306794,0.198642191217293,0.302660677232545,0.0011984997292744,0.0012003046369068,0.0012019711443516,0.00120347049803867,0.00120492790870677,0.135237198649369,0.327571248165044,0.173079858820773,0.00120956873581248,0.00121051369284573,0.00121138292467035,0.0499924860151457,0.00121300148393533,0.00121367349432735,0.00121438266491591,0.150596662744402,0.0012156562727012,0.00121621911427809,0.00121675837375579,0.0192931953087609,0.0931062840590287,0.00121814443422007,0.146744245223489,0.154548271661958,0.0297505607726196,0.0497042855536742,0.00122025179022956,0.0012206174652936,0.00122096508768761,0.00122129504330878
"6",3.12655783236357,0.728419702808719,0.0714684046671324,0.0128481233499398,0.0243018725127713,0.109472613448629,0.0840063061629313,0.00176459801949744,0.156323767854403,0.108286524689393,0.00117839804763978,0.00117309106402253,0.00117505287062399,0.14242490183462,0.00118261770457092,0.00118611600681797,0.00118923946910476,0.0862239408014042,0.00119449434921785,0.0011967148581903,0.0550728985391,0.0012003046369068,0.0604148502077345,0.133144494949581,0.34348900847914,0.00120625296626019,0.00120744557148965,0.0835475723320823,0.00120956873581248,0.00121051369284573,0.00121138292467035,0.00121216636207608,0.0892768112027916,0.00121367349432735,0.267763473053736,0.0012150438722609,0.0012156562727012,0.138156634019719,0.00121675837375579,0.00121727864535465,0.0118336908494134,0.00121814443422007,0.00121860340440033,0.00121904364910634,0.00121946508026751,0.0692945640415854,0.00122025179022956,0.0012206174652936,0.00122096508768761,0.284000318632918
"7",2.18166514987234,0.144618944166064,0.0230027060897572,0.00370647169702387,0.105633406605402,0.0273128251745994,0.00186714544927608,0.103410109415158,0.00188766900957825,0.139127670987176,0.163412698482668,0.00190508029172764,0.00190891258056553,0.0019121443930203,0.102033375536822,0.0624581294684052,0.00191939640720841,0.10889654381147,0.00192289016499933,0.00192436217136774,0.0864469159257235,0.00192676084961436,0.0402415345216827,0.00192890164592286,0.00192948863133791,0.0729382528332974,0.00193144908048616,0.129498889363874,0.00193274273813915,0.00193334433450699,0.320846159392272,0.19775702692469,0.00193505142977958,0.095941333052657,0.00193605599540998,0.00193630016756494,0.00193688924341154,0.221631388216614,0.00193744254578344,0.00193792943170595,0.0316020024701721,0.00193859231453483,0.00193884045810556,0.0851315285472289,0.00193909302253525,0.0953223035528939,0.00193970544415564,0.120875078395594,0.0257756242670288,0.00194052955773298
"8",3.04033973095609,0.390975012628042,0.0230027060897572,0.0489549980108815,0.241218890437823,0.0189641043640224,0.00186714544927608,0.00187849034177932,0.235425101659619,0.00189479965914423,0.0097080490715452,0.00190508029172764,0.0626421089424607,0.0019121443930203,0.00191490858196288,0.0800250256867726,0.0310589238973363,0.163656695856925,0.00192289016499933,0.162471414605937,0.00192516513598641,0.00192676084961436,0.0635041268185433,0.00192890164592286,0.00192948863133791,0.00193031787733157,0.00193144908048616,0.0946470823819395,0.00193274273813915,0.00193334433450699,0.00193364795193428,0.00193389443974271,0.00193505142977958,0.00193554182104867,0.173697619762376,0.060824940804333,0.166053872996242,0.179393342562791,0.084091996279532,0.00193792943170595,0.00193823443442349,0.00193859231453483,0.060770813160582,0.156057621939571,0.0621164086329794,0.278320313206041,0.00193970544415564,0.108087004111413,0.00194027069836862,0.12761769597378
"9",2.62935305288826,0.170298905551701,0.366449412764791,0.00370647169702387,0.262475490254322,0.00186361499266908,0.00186714544927608,0.00187849034177932,0.225610125425153,0.00189479965914423,0.125951284089219,0.0152498399989519,0.00190891258056553,0.0019121443930203,0.00533951919952972,0.0743200198611506,0.305452828467901,0.0392115020430696,0.00192289016499933,0.00192436217136774,0.134063615204423,0.192489720889607,0.00192698714199555,0.00192890164592286,0.00192948863133791,0.176991150974359,0.00193144908048616,0.230202817382041,0.0187192203306539,0.00193334433450699,0.00193364795193428,0.0716202289881054,0.00193505142977958,0.00193554182104867,0.00193605599540998,0.143908098944179,0.10134736821958,0.00193704048056035,0.0322302907875149,0.298934937283116,0.232615428902928,0.00193859231453483,0.00193884045810556,0.00193878060958786,0.00193909302253525,0.001939403347902,0.213097126449032,0.0019399954086038,0.00194027069836862,0.111079262917703
"10",0.327751889392756,0.101876658919107,0.100241416914027,0.000165841113162531,0.0767137144934553,0.000257255903769567,0.000298876785112896,0.000338107714947944,0.000374621530200411,0.31223107182582,0.000442848823177363,0.129850323557088,0.188176666933434,0.000533196635541264,0.0148008992096894,0.000586051019868685,0.0593507359313641,0.0516082610682903,0.0558535188831642,0.0346865815308359,0.138537350890756,0.278356141786571,0.000740488269886285,0.000758664553602429,0.0529334896827616,0.0565299321979444,0.000810422128170706,0.0879783574459998,0.012201811933856,0.0561407238487829,0.000871225610915665,0.000885504830405421,0.00089870024582932,0.000911729958827192,0.290202625791552,0.000936782308015739,0.0598547085239007,0.000960150529386564,0.127110439478503,0.181878069911613,0.000992526035401644,0.00100329505707063,0.0010133276094009,0.15987178932648,0.00103238093527689,0.00104136903118304,0.198567200715402,0.259018217408345,0.130314508694131,0.119979244968259
"11",0.247676050489702,0.187005194728003,0.000115534747958663,0.000165841113162531,0.189379592020124,0.122511526164158,0.000298876785112896,0.0720303958812018,0.000374621530200411,0.0439751904386664,0.264464863523461,0.000474488839915382,0.000504585646370688,0.00944813389937614,0.225203138247304,0.000586051019868685,0.000611434626881599,0.000635044569060403,0.000658050672523278,0.000679847820863604,0.000700932866243604,0.0673510946936632,0.000740488269886285,0.000758664553602429,0.0007764641390338,0.183999751591652,0.125159605860741,0.000826411902771581,0.00378727460172163,0.000856859190449187,0.0614791629509855,0.000885504830405421,0.0135943079432204,0.000911729958827192,0.0422383942512427,0.000936782308015739,0.147210010439641,0.000960150529386564,0.000971305998126033,0.137603787337159,0.000992526035401644,0.143818259770359,0.0010133276094009,0.001023197231192,0.00103238093527689,0.31225089347005,0.13383867543015,0.00105914041794025,0.182845536716412,0.0669184022245964
"12",0.219902431634923,6.63392769046673e-05,0.0309673895751437,0.000165841113162531,0.18620633889337,0.126281933480684,0.000298876785112896,0.0380179136449214,0.2595215873271,0.18187921508166,0.0191368527525458,0.105368928686056,0.000504585646370688,0.0258530995422933,0.00056047282873653,0.000586051019868685,0.000611434626881599,0.000635044569060403,0.207439787234976,0.0405962447323883,0.000700932866243604,0.000719617200106389,0.000740488269886285,0.14467466112526,0.0267899301469671,0.000793806718756668,0.000810422128170706,0.0119731998410012,0.000842107212255281,0.0527783118621035,0.257501772680102,0.124783085608282,0.00089870024582932,0.179323852035776,0.000924696423264406,0.000936782308015739,0.000948501039826212,0.137052380131172,0.000971305998126033,0.0009822510017842,0.257133093715427,0.12547479469851,0.0010133276094009,0.0688428413516174,0.0764867925004129,0.0114165897791382,0.00105028127989665,0.247782922972382,0.070102689259115,0.177401758039096
"13",0.125912016869348,0.000380179086615247,0.000585934360432552,0.000703318131689486,0.000771259634840929,0.003578164127985,0.00083974330163612,0.000854514917865767,0.0215504743012645,0.000870503434791983,0.000874427917446955,0.243438082367265,0.000877544971926383,0.000884769343850798,0.0328818335295888,0.100780602003221,0.000874152746628135,0.000878747709290761,0.0540532824814563,0.00087724607975765,0.000877487609320522,0.000877522327925863,0.000876729808686599,0.000876698006817927,0.155465124268845,0.000876992976347497,0.108074960378741,0.000875511927489943,0.0260097940108511,0.000874661082095467,0.00087436257113238,0.0349639128943201,0.000873675190797833,0.33057570431771,0.0933063650745685,0.000873287119328453,0.0607805662790185,0.00087304162533292,0.000872206350029272,0.000872346982059164,0.000872008129229539,0.000870716217658857,0.122794153498545,0.148536488430605,0.134697163134397,0.117483036769971,0.325340169157157,0.000870816007983268,0.182409523091472,0.000870671958752148
"14",2.27338047610072e-05,0.149348065619321,0.00756234067606961,0.000703318131689486,0.000771259634840929,0.000813792120739879,0.00083974330163612,0.000854514917865767,0.114480095683721,0.000870503434791983,0.129856658253178,0.0294802736046783,0.000877544971926383,0.000884769343850798,0.230445129485533,0.000879005513455062,0.0442284965602611,0.18884727235636,0.108606964476416,0.188438370091677,0.04741830887633,0.0643252973995389,0.000876729808686599,0.000876698006817927,0.000876421831220854,0.331137005853099,0.000875663030008038,0.201382543979509,0.00272678200007891,0.0687615791340551,0.00087436257113238,0.000874107420424637,0.000873675190797833,0.0584936537423971,0.000873401158089529,0.000873287119328453,0.307110563005131,0.150062021818734,0.0299306140100037,0.464429220635081,0.000872008129229539,0.000870716217658857,0.093869686632947,0.000872278108978145,0.000871379724727497,0.000871535469331459,0.000871018517449757,0.209875995130434,0.000870619514760948,0.187799368720285
"15",2.27338047610072e-05,0.126740472265486,0.152952186132709,0.0407840366617618,0.000771259634840929,0.198749234041946,0.095694375097825,0.0212074959408907,0.000863417343225901,0.000870503434791983,0.000874427917446955,0.000876302883203592,0.000877544971926383,0.000884769343850798,0.000879192365609352,0.212518617185136,0.0230741353278911,0.000878747709290761,0.0104590935994198,0.0742519065644891,0.000877487609320522,0.00839658107986387,0.0708565505746803,0.000876698006817927,0.125361541774816,0.256607690367674,0.0622685380641579,0.0490121720442652,0.122276379446395,0.000874661082095467,0.00087436257113238,0.000874107420424637,0.000873675190797833,0.0545430560889567,0.000873401158089529,0.000873287119328453,0.000872593392097918,0.208579600116359,0.000872206350029272,0.260059479018638,0.233826884418926,0.12788348394935,0.000871932827743145,0.0139984836786688,0.164957498132047,0.0969022070694246,0.000871018517449757,0.000870816007983268,0.204132900007071,0.100826515988757
"16",0.0284056687706173,0.0747263553550329,0.000409211222788533,0.0184549367888042,0.127703664922143,0.000315824879657094,0.182633986792939,0.00938471223657755,0.00486164735486064,0.00028058054898073,0.000276178174027118,0.255606401233429,0.00027045883390887,0.000267671091119481,0.000265632202448519,0.00026411847007186,0.000262457939775084,0.000261369768498288,0.194890128134636,0.0233813015993246,0.0151601112300939,0.000257485407875325,0.311158178873115,0.000256044497281657,0.000255414083257586,0.000255277105669574,0.00025444926777544,0.000253865017879209,0.0222783985992067,0.000252737365532397,0.000252422029871903,0.0693450545324149,0.000251617980113857,0.000251697840176231,0.0260789202618807,0.0789673110981448,0.000250787056312339,0.000250552995241473,0.0238051078786959,0.219935417925795,0.000249912397009649,0.175165169975896,0.000249297458129969,0.00024911193871984,0.0143096649069662,0.156654629584665,0.0002487677942039,0.000248634442208429,0.000248281105134643,0.000247899377839034
"17",0.447495052660193,0.000420180961637681,0.118940059040444,0.000366908928596859,0.00033649286439785,0.000315824879657094,0.000302376223834971,0.000293172169732002,0.000285964870443544,0.00028058054898073,0.256981493503311,0.0961491665867615,0.0347578756211423,0.175541935544218,0.175427240420597,0.0103088750477104,0.100722412802321,0.0753951068117963,0.000260294131266045,0.0431071832453113,0.349884270967045,0.328421726567246,0.117166168860579,0.257302467060651,0.137767408134383,0.144229601842116,0.00025444926777544,0.266905063853095,0.000253352296778773,0.105354420104107,0.000252422029871903,0.000252144695479719,0.0209983502992198,0.0591517988736207,0.0476586951471704,0.000251072175596717,0.260027199571439,0.0735030605990327,0.000250074803452511,0.000250048651765357,0.000249912397009649,0.0265386945217458,0.0540745534804465,0.00024911193871984,0.0489706293433734,0.000248907713963356,0.0002487677942039,0.000248634442208429,0.045669955055982,0.000247899377839034
"18",4.93811957061487e-05,0.125876399322981,0.000409211222788533,0.156603597221083,0.0487843287831697,0.000315824879657094,0.000302376223834971,0.150423764451332,0.000285964870443544,0.00028058054898073,0.310817307700677,0.000272831708054728,0.00027045883390887,0.000267671091119481,0.000265632202448519,0.111023668809831,0.127871641637605,0.12072540686251,0.000260294131266045,0.000259116636722855,0.000257926893943956,0.285867215623313,0.0520449820373662,0.000256044497281657,0.0620853012978502,0.0100336837991544,0.0221009640997217,0.0863288942885796,0.294667307395931,0.000252737365532397,0.0472801704071146,0.000252144695479719,0.032860214960146,0.0737472706615014,0.000251331746511904,0.328244201694094,0.00854536224220187,0.11281496119419,0.000250074803452511,0.000250048651765357,0.0979730355501693,0.000249557619847105,0.000249297458129969,0.00024911193871984,0.0830184520570121,0.0445269478669951,0.0002487677942039,0.000248634442208429,0.000248281105134643,0.000247899377839034
"19",5.31462661890039e-05,0.000186757083825274,0.205689051601859,7.68502206385112e-05,6.36183759251971e-05,5.64297713370183e-05,0.126642396538117,5.04276786428956e-05,4.85879782277798e-05,4.72937472125129e-05,0.00827696236788611,0.236459642658865,4.46903199594693e-05,0.139914846994873,4.3575040967251e-05,0.18461030167449,4.32405226850928e-05,4.27266542948102e-05,4.24206766318462e-05,4.20420883749729e-05,0.0755430406887435,4.15919914120766e-05,0.00540921973628997,4.13111786395636e-05,0.120219718351482,0.246672591738289,0.12302358338781,4.08162762318013e-05,0.0335755499561245,0.159856203351065,0.0168184539354457,0.145259456868174,4.04959650223333e-05,0.0562141325964008,4.05809943414813e-05,0.200536477459492,4.00598045883663e-05,4.00979427202829e-05,0.452235354967911,0.0665986647485168,3.99958486434239e-05,0.163950907367514,3.97675897216868e-05,3.99382351857831e-05,3.98975545400271e-05,0.00907221149460702,4.00480755505813e-05,0.0969535388139047,3.97582448398301e-05,3.95562239136932e-05
"20",5.31462661890039e-05,0.000186757083825274,0.000108475553727695,7.68502206385112e-05,6.36183759251971e-05,5.64297713370183e-05,0.0712391894078594,0.066567090627376,0.10264105872303,0.0583504448641514,4.59206161951103e-05,0.1465509467705,4.46903199594693e-05,0.0995189757943838,4.3575040967251e-05,4.31607744628923e-05,0.136772691284128,4.27266542948102e-05,4.24206766318462e-05,0.477859389110798,4.16957717902287e-05,0.0533836410916399,4.14402835290225e-05,4.13111786395636e-05,0.00429059282490089,0.0351336671719391,0.0219403387151395,4.08162762318013e-05,4.06778783174595e-05,0.0823400121916904,0.0950309005713215,0.14473674252152,0.0487108924693889,4.03504867416139e-05,4.05809943414813e-05,4.02009116215546e-05,4.00598045883663e-05,0.293035489929594,3.98723954813308e-05,0.0481881908958861,3.99958486434239e-05,3.98655143284301e-05,3.97675897216868e-05,0.132909002155184,0.116889211490987,4.0065633407973e-05,4.00480755505813e-05,0.345775862327677,3.97582448398301e-05,3.95562239136932e-05
"21",0.221784429352246,0.0263512297285648,0.000108475553727695,7.68502206385112e-05,6.36183759251971e-05,0.0461725300440593,0.229915192098789,5.04276786428956e-05,4.85879782277798e-05,4.72937472125129e-05,0.428463303080061,4.53685913834983e-05,0.18361967142883,0.0143100367688066,0.228276193951875,4.31607744628923e-05,0.0111176290847803,4.27266542948102e-05,0.0559579028337333,0.301703871881029,4.16957717902287e-05,4.15919914120766e-05,4.14402835290225e-05,0.0375260848396561,0.122947988035978,0.0478174865724281,0.201729886951802,4.08162762318013e-05,4.06778783174595e-05,4.07657532355409e-05,0.266898887670605,0.211250028705303,4.04959650223333e-05,4.03504867416139e-05,4.05809943414813e-05,4.02009116215546e-05,0.154158291984564,4.00979427202829e-05,0.136661048911052,0.175157740931435,3.99958486434239e-05,3.98655143284301e-05,3.97675897216868e-05,3.99382351857831e-05,0.0327979408769463,4.0065633407973e-05,0.156399994259948,0.0865936978329927,3.97582448398301e-05,3.95562239136932e-05
"22",0.0911463410652913,6.14896193545208e-05,0.000255335495669539,0.166330314080501,0.392038624697639,0.404226542336879,0.263865903141319,0.187041394483891,4.52753607536248e-06,4.48413410327241e-06,0.0482710766595926,0.166554501603514,0.267298554719488,4.0373209399503e-06,4.05051774181459e-06,0.169643010764241,3.96825184095063e-06,3.81235271468388e-06,3.86688199338649e-06,0.106696941766335,7.64702619827284e-06,3.63624942410463e-06,3.72424006971826e-06,3.70743041510685e-06,0.190345983960062,0.0149241821182684,0.137733557451736,3.12142450179011e-06,3.67236818666167e-06,0.45696251607289,3.69178205544168e-06,0.0951872988928135,0.0652336611892457,3.6068656095804e-06,3.42323818377439e-06,2.61755443136006e-06,3.76413192058736e-06,0.0346352388396025,0.144424678001314,3.74098099493394e-06,3.56074813881969e-06,0.244567565380508,0.150009323932732,0.0612526739925366,0.0356899583075305,3.58615049316522e-06,3.84342748576499e-06,3.82359816263603e-06,0.0931715489431034,0.376962976146412
"23",0.150976895350863,0.314541377333667,0.0210168274462715,9.45501069663086e-06,0.268985493383592,5.79502522678117e-06,0.326718510553364,4.76099665789743e-06,0.0620480965313489,4.48413410327241e-06,4.35534261845342e-06,4.23911235537312e-06,0.29372039396319,4.0373209399503e-06,0.0123621089615073,3.92713808246591e-06,3.96825184095063e-06,3.81235271468388e-06,3.86688199338649e-06,3.83189752276488e-06,7.64702619827284e-06,3.63624942410463e-06,3.72424006971826e-06,0.110464808411386,4.02902239081649e-06,0.0300693477911885,0.279324797308175,3.12142450179011e-06,0.26422583273085,0.026640358005849,3.69178205544168e-06,0.0715304355538016,3.5593996189691e-06,0.273732043249098,0.163648375463548,0.159636080954674,3.76413192058736e-06,3.48665472084535e-06,2.27878898646178e-06,3.74098099493394e-06,3.56074813881969e-06,0.230313563367806,0.0255644758824113,3.64615937449273e-06,0.190534273230118,3.58615049316522e-06,0.0519951060705716,0.172172986413882,0.245275744325865,3.60057234405168e-06
"24",0.145602593702245,0.376190057804352,1.78155781483704e-05,0.256835656008686,0.200904791971313,0.0114537746407204,0.0394710299972854,0.332476151148531,4.52753607536248e-06,4.48413410327241e-06,0.0813735331102168,0.153129572114319,4.17842541959413e-06,0.0358840403635528,4.05051774181459e-06,3.92713808246591e-06,0.0405732605967156,3.81235271468388e-06,3.86688199338649e-06,3.83189752276488e-06,7.64702619827284e-06,3.63624942410463e-06,0.0545226155882389,0.0532196272547082,0.109469499940575,3.22251327100265e-06,0.193159286316107,3.12142450179011e-06,0.155668110491705,0.261898959718882,3.69178205544168e-06,3.64152842555785e-06,3.5593996189691e-06,3.6068656095804e-06,3.42323818377439e-06,2.61755443136006e-06,0.0887618922465363,3.48665472084535e-06,2.27878898646178e-06,0.295997097225134,0.168574531110568,0.147718645813326,0.125063054902476,3.64615937449273e-06,3.59334586750876e-06,0.0938751950689546,3.84342748576499e-06,3.82359816263603e-06,0.1750010087629,3.60057234405168e-06
"25",4.70400102223718e-05,0.146078024648087,2.16525153230762e-06,7.28227299122483e-07,4.44981133973464e-07,4.47063332714582e-07,0.0584000036884148,2.8813476247944e-07,4.77828590230214e-08,0.0257737297481382,1.61789315286704e-07,0.0787921485503216,0.314878836822405,0.0858770189823828,0.426505906876995,2.38847498546768e-07,7.38495718341681e-08,3.22947385938778e-07,2.83798338476577e-07,0.0820079851907904,1.52217287959123e-07,2.18966821610017e-07,1.6221648868728e-07,1.07571422461785e-07,0.111190940335295,0.0911929532688812,0.146906696129229,5.11473158382926e-07,1.81737500755232e-07,0.146699823640608,4.39487315228939e-08,1.85232580272341e-07,1.3060269243115e-07,0.000140630174118981,0.157882355762127,6.14645943996237e-07,2.09606649396546e-07,0.186645893564988,0.0120836724091517,0.0761455148188203,0.0518626147254302,8.16280660270021e-08,0.187363391618774,3.93368349178724e-07,0.0217376873031665,0.0075201106954133,0.0097087906477065,0.14664138986423,0.0217923508822242,0.347867289972899
"26",4.70400102223718e-05,1.78881727536593e-05,2.16525153230762e-06,7.28227299122483e-07,4.44981133973464e-07,4.47063332714582e-07,0.25189283829393,0.014373464436734,0.149239322759977,0.159515606805696,0.236216329801882,2.7718782382279e-07,0.207414299803791,0.240739920419616,0.0146382080568303,0.000108127014191794,0.108827182507176,3.22947385938778e-07,2.83798338476577e-07,2.81916972695228e-07,0.108324786568358,2.18966821610017e-07,0.215245998600633,0.125435698095781,9.33088027501242e-08,4.80099095828217e-07,0.0418065852738687,5.11473158382926e-07,0.0446408999941064,2.78738221738209e-09,0.0692673758436946,1.85232580272341e-07,0.0738997256138856,7.24355923805484e-07,0.131753174162029,6.14645943996237e-07,2.09606649396546e-07,5.17401813217242e-07,7.35534975670199e-08,4.37895035978785e-07,0.0412913396516227,0.162622810796581,0.0539176512072718,3.93368349178724e-07,2.23268389063186e-07,2.22196296861834e-07,2.94477894764739e-07,0.00516409357077558,0.0795379926398582,0.0738035518268371
"27",4.70400102223718e-05,0.212525866308948,2.16525153230762e-06,0.26408841360704,4.44981133973464e-07,0.387606171100684,0.00180399303658162,2.8813476247944e-07,0.0695593317484162,0.182434209073351,1.61789315286704e-07,2.7718782382279e-07,2.15386321931486e-07,0.087799737833719,0.0444717260973971,0.352166826990162,0.0640503314806136,3.22947385938778e-07,0.0333172146660429,2.81916972695228e-07,1.52217287959123e-07,2.18966821610017e-07,0.0257814899230406,1.07571422461785e-07,0.175970627723179,4.80099095828217e-07,0.0732017683434452,0.0692004847486515,1.81737500755232e-07,0.125477627174771,0.264885635494494,1.85232580272341e-07,1.3060269243115e-07,0.329599120554788,2.36378404974345e-09,0.0257471411242064,0.11537971522704,0.47720442722846,0.304048701532665,4.37895035978785e-07,0.0724414813277115,0.0264821483257234,1.46906801889297e-07,3.93368349178724e-07,0.24517707072807,2.22196296861834e-07,0.0597434020171811,3.18206300593641e-08,1.87330120076257e-07,0.065779427501502
"28",0.422617840045436,0.0260041163921246,0.152482949205849,0.182215160080875,0.103488866886179,0.133393631798374,0.141147911784524,0.0927711111907994,0.239427919609696,0.377760197766229,2.34244009953075e-09,1.84453122438604e-08,0.0852562885262615,0.245391319469537,0.0331731772747303,0.381767619941734,0.231722965610307,3.3020082845816e-08,1.47548851096097e-08,8.35644841986991e-08,5.05880722793225e-08,4.35095290990983e-08,1.33202591382414e-07,0.0149170922178632,0.169427508514603,2.13562429353906e-07,6.13473230873431e-09,0.225211614847322,0.261056837882612,6.48482315910477e-07,0.000612970673959822,0.209343042754297,4.20119110592062e-10,4.01647521157001e-07,0.0557048844770227,9.57076651670061e-08,1.77336591165605e-08,0.0449308383950407,1.06045861293161e-06,0.140604145785874,9.16881144476868e-09,1.90167477164375e-08,1.37200370843044e-08,0.0878616581330865,0.06575985523721,0.168988846584628,0.0176398897478559,7.85917970669036e-09,0.0686990836901787,0.347296172599848
"29",4.42026181428252e-05,5.29934949246305e-06,0.2104459261773,0.0731787734535959,3.81065077208785e-08,0.286345703304907,2.1294546600384e-07,0.148961341154587,0.122784423570556,0.128596527170355,2.34244009953075e-09,0.129417758564394,5.40560911699413e-09,1.56408647581356e-09,8.9516468635496e-09,7.9520328082439e-09,0.342033756502381,0.432440632202332,0.0216361202456372,8.35644841986991e-08,5.05880722793225e-08,0.200801298060193,1.33202591382414e-07,0.0951671854306215,0.0422456157822801,0.0917754860815269,0.195926818037931,4.98875056994714e-07,3.22579300658394e-08,0.217674649711541,0.119436893446029,1.11561184040096e-09,4.20119110592062e-10,0.0548673407190336,0.0265732473140336,9.57076651670061e-08,1.77336591165605e-08,0.0785179640568246,0.0100906661914477,1.15243259369823e-08,9.16881144476868e-09,0.0105490118027235,1.37200370843044e-08,0.132466536008374,6.49908301394428e-09,7.17553852600525e-09,5.96660927236014e-07,7.85917970669036e-09,0.233490042492094,0.00690037108779069
"30",4.42026181428252e-05,5.29934949246305e-06,2.20538782075869e-07,3.42799091722184e-09,0.0464561569844515,2.08841658703845e-08,0.147867188948894,1.55891443463263e-07,3.62397589407195e-08,0.0699609375251811,2.34244009953075e-09,0.0331935889497743,0.104923176097914,1.56408647581356e-09,0.142337434174725,7.9520328082439e-09,1.52122036644786e-09,0.011562831425585,1.47548851096097e-08,0.0462175314618471,0.108909606313632,0.0272582214909524,0.169386295721628,0.299117933424125,0.173471386393521,2.13562429353906e-07,0.282502269528225,4.98875056994714e-07,3.22579300658394e-08,6.48482315910477e-07,0.416007620845355,1.11561184040096e-09,4.20119110592062e-10,4.01647521157001e-07,0.0475406017635021,9.57076651670061e-08,1.77336591165605e-08,0.0721583567055821,0.13906965421247,0.120819669962792,0.111722905000135,1.90167477164375e-08,1.37200370843044e-08,0.0492700720650283,6.49908301394428e-09,7.17553852600525e-09,5.96660927236014e-07,0.0551933003474118,1.54302367085941e-08,7.28316460666748e-08
"31",0.0170745876080424,1.58164503480752e-06,3.83389710912897e-09,4.03372639693726e-08,1.79909816833627e-08,4.36925157928462e-09,5.37496432375354e-08,0.0735687703203193,2.56127568152302e-08,3.94422790437221e-09,0.111924349808746,0.167811852488919,4.8396527807089e-10,0.278430706649518,0.0560646776346043,0.080187034964885,7.77154236339898e-08,6.16798828425487e-09,1.22157675002653e-09,0.141290817539529,0.273689211917747,0.0293079958269186,0.0538162579188429,7.70958757722755e-09,0.0542950341167975,2.66449878236205e-07,0.153190348258343,0.0038471743500443,0.0893130551476606,0.176474765769864,0.134799101660592,3.1670745145349e-11,0.0944393797904239,0.0828438113403475,0.070145236191302,6.52753995634928e-10,1.56266771960115e-09,3.54572719124778e-07,1.27395961420945e-10,0.0397496270066445,0.239082358738697,0.10766908400132,0.0553109705104727,0.127347933962147,6.67756832014263e-09,0.139712562037949,1.39843302789509e-08,0.0883560463292086,1.06990691618586e-10,0.246134111318883
"32",4.15997580343712e-05,1.58164503480752e-06,3.83389710912897e-09,0.114402451436676,0.0680927924798019,4.36925157928462e-09,5.37496432375354e-08,1.46457870029011e-08,2.56127568152302e-08,0.158237955570866,0.196009263665583,0.137065893817004,4.8396527807089e-10,0.0344323192124049,0.0566361629091076,1.8609792773891e-10,7.77154236339898e-08,6.16798828425487e-09,1.22157675002653e-09,0.121506008651785,0.0952459072174071,0.269953814968871,0.13989808101496,0.0360002865199922,0.00695648524924686,0.0380519844546663,0.174833767540506,3.08924863021943e-07,0.186298051967822,0.157763187568873,0.129493950908929,3.1670745145349e-11,0.096712384303615,0.137972494866039,2.27963128492674e-09,0.0449658531152472,0.127392098579685,3.54572719124778e-07,0.234506969550053,8.35156546963033e-12,0.220662624728112,7.4252204301667e-09,2.26507791755907e-08,0.0999281394940289,6.67756832014263e-09,6.5845112655173e-09,1.39843302789509e-08,1.3336713456667e-10,0.111803858902108,2.07656143835958e-09
"33",4.15997580343712e-05,1.58164503480752e-06,0.0272475017112812,4.03372639693726e-08,0.161373335927198,4.36925157928462e-09,5.37496432375354e-08,0.262046201398159,2.56127568152302e-08,3.94422790437221e-09,0.312208873479652,0.0909840219197061,4.8396527807089e-10,1.07679604055902e-09,3.0950104895954e-08,0.0795660602241611,7.77154236339898e-08,0.00111426558584828,1.22157675002653e-09,5.77785761188912e-09,0.0846304809942883,6.37123189287716e-08,0.121403288241348,0.232464572057035,0.113806239776344,0.0227614533676914,0.0333980627941646,0.200545422656205,6.93739333057566e-10,0.0583947759417727,9.39811114790832e-08,0.0301483069295972,0.331284031254456,0.251511562849515,0.174254584807425,6.52753995634928e-10,1.56266771960115e-09,3.54572719124778e-07,0.315275233644111,0.00611164460366886,0.331266838368226,7.4252204301667e-09,2.26507791755907e-08,7.60093783207908e-08,0.154895666938245,6.5845112655173e-09,0.136112569714705,0.0458726515353787,0.14669725845999,2.07656143835958e-09
"34",0.674759491970435,4.68586580628984e-07,2.1948423205407e-08,1.11032043848114e-08,3.06559338211896e-09,6.1817828418416e-10,1.08672214117528e-07,4.82012387447296e-09,0.152675544119218,0.0467163027775648,0.0437767588668378,2.45008442644819e-10,3.26376188304763e-11,0.265675086139168,0.112037333233894,2.89481653078254e-10,0.225473244897423,2.8618393181666e-10,6.99379504306598e-10,0.0845122568447483,3.16304660089982e-12,0.158570850039065,0.116766889031847,8.11901154644352e-09,0.0841182121721488,5.63619557943393e-10,0.000774312040065699,0.259013968037633,4.36460240354871e-09,0.21822348095205,0.0798453578061779,0.0674759096150657,3.40524644787975e-12,1.00389888469739e-07,2.25574899095008e-10,0.260471844774658,3.11633695300647e-11,0.0610776689892652,0.193064199142746,0.0430578173853174,7.61146310255167e-12,2.35565799756317e-09,0.131650712484945,5.44265278754453e-09,1.48747811500279e-10,1.49834069541569e-10,0.0309327217234086,0.312159155738227,2.05430145283468e-11,0.306890776737095
"35",3.92450550856465e-05,4.68586580628984e-07,2.1948423205407e-08,1.11032043848114e-08,0.0786791335917513,6.1817828418416e-10,0.0151365998522312,0.264678445838537,1.27212582115927e-09,0.0066230552551463,4.03948742664398e-09,2.45008442644819e-10,0.0990417438672098,0.0563256619700487,6.61644420596433e-09,2.89481653078254e-10,6.24130763078459e-09,2.8618393181666e-10,0.0321105318193373,2.44356772577806e-08,0.247123003160847,0.175157724169402,8.750587695189e-08,0.273989205516528,1.57022022169633e-09,5.63619557943393e-10,0.32792216705738,0.172955688123146,4.36460240354871e-09,4.09908493536817e-08,0.0697919718073383,0.0236727431759055,0.234825832459796,1.00389888469739e-07,2.25574899095008e-10,7.76362353755838e-10,3.11633695300647e-11,2.3302804238389e-08,3.64793118136337e-12,0.0248168863560894,0.131377333767847,2.35565799756317e-09,0.331399249583652,5.44265278754453e-09,0.0360600363945848,1.49834069541569e-10,7.06011774086378e-09,3.18799804557347e-12,2.05430145283468e-11,4.07017135459863e-11
"36",0.130892524136578,0.0356895690409083,0.341056097112382,0.277137744708045,3.06559338211896e-09,0.0573208594172961,1.08672214117528e-07,4.82012387447296e-09,0.00762360585713801,3.27834411930934e-10,0.0777849221299022,2.45008442644819e-10,3.26376188304763e-11,6.36846247342538e-11,6.61644420596433e-09,0.129889732377629,6.24130763078459e-09,2.8618393181666e-10,6.99379504306598e-10,2.44356772577806e-08,0.0416158369318326,1.65590329521546e-08,8.750587695189e-08,0.112465446861409,0.0350234710889592,0.0151697923797154,0.136975702584852,0.254159237400903,4.36460240354871e-09,0.0106593895063682,4.84967904644259e-08,0.210068864373819,3.40524644787975e-12,0.175823140751593,0.129284748224007,0.12345063108032,3.11633695300647e-11,0.31603430111129,0.0196766150982728,2.32740480327081e-12,0.158113793939321,0.132276192506747,1.44307085456318e-11,0.21964408150676,0.0462405341650736,1.49834069541569e-10,0.0646106902551101,3.18799804557347e-12,2.05430145283468e-11,0.0252839838930552
"37",3.70251499148967e-05,0.293962245293382,0.0990509044150774,2.38262415922555e-09,0.0705275108677031,0.161050682566942,3.82276544105846e-08,7.67763880576172e-09,0.0432586076713144,2.76083474383919e-11,0.302669405225859,1.71606635770972e-11,0.0126224619880907,0.26407642324805,3.73255588670709e-09,2.61030988578804e-11,4.91086141033226e-09,1.33289631358261e-11,0.0391979742661846,0.0590687100343886,9.15517837724443e-14,1.02493461243274e-08,7.43660363410059e-09,0.267896936094184,5.26328432590684e-11,0.063488190193343,4.58390068192625e-13,0.214196706785636,1.89280549307428e-09,0.0119949961124492,1.75974476520807e-09,2.81463586905392e-14,9.9260877745484e-14,8.03529099715032e-09,0.329431708431368,0.058294315200156,0.041175838818812,9.17924280134163e-09,8.29879609888671e-14,6.83443251332782e-14,0.394119616330259,0.0101820548970602,0.102869582068318,0.105890768253227,9.64414912294486e-11,0.058444380849873,1.66113157321864e-08,0.155699530668018,0.0639315457350204,7.27279933310017e-13
"38",0.256464626827012,0.0537880947466014,1.3074384150231e-08,2.38262415922555e-09,5.23102323366088e-10,0.124200896912226,0.023445870063098,7.67763880576172e-09,0.153616253795929,2.76083474383919e-11,2.67692223570776e-10,0.0472158910834268,2.11854307169107e-12,3.81758427187575e-12,3.73255588670709e-09,2.61030988578804e-11,0.0926802181379968,1.33289631358261e-11,3.08292827118016e-11,0.148369716520772,0.0214158297476055,1.02493461243274e-08,0.066782949394944,0.100197336430655,0.234649906242806,1.81415934084416e-11,4.58390068192625e-13,0.0899451615546425,1.89280549307428e-09,0.208565604368046,0.159716246658461,0.312569554290299,9.9260877745484e-14,0.399536557963648,2.10875885937343e-10,0.0898792670249166,0.0874406748875657,9.17924280134163e-09,0.258477266735339,6.83443251332782e-14,1.61867597706885e-13,0.107498805165518,0.24701324538566,0.196761345795987,0.0362472530611731,0.120787823338459,0.0066173997991636,0.294362679492781,3.38266058427435e-13,7.27279933310017e-13
"39",0.256931268147333,1.39096793692809e-07,0.00348415872132884,2.38262415922555e-09,0.252925448535732,0.0653327852940688,3.82276544105846e-08,7.67763880576172e-09,0.0368042096420198,2.76083474383919e-11,0.436482338599671,0.0394348253880055,0.0464505656107194,0.0593446625886275,3.73255588670709e-09,0.0240561976667186,0.0425409761476871,1.33289631358261e-11,0.145863092075663,1.47601327794116e-08,0.0679057692892658,1.02493461243274e-08,7.43660363410059e-09,2.7397460680038e-10,0.178644475746723,0.100159829866387,0.235884485467305,0.201982159140936,1.89280549307428e-09,3.73087224018767e-08,0.257201184415834,2.81463586905392e-14,0.101925568002012,0.050263804326428,0.296923858408637,1.79861073080639e-11,6.76019218213214e-13,0.319652883220727,0.0784453433122067,0.193500764186941,0.275017273202984,0.157389023207438,4.79596809813889e-10,0.128920909268521,0.0778419815564868,0.145119648486907,1.66113157321864e-08,0.0175915807943066,3.38266058427435e-13,0.0431845827159067
"40",0.19211099797952,4.12060490433159e-08,3.77872380012503e-09,0.187089628605874,8.92664538709904e-11,1.24018458520343e-11,1.26494147632993e-09,0.0672905556881747,3.60669833075856e-10,0.175820522256305,8.65628256110658e-10,0.0754267157272507,0.127799005232586,2.29132007168287e-13,1.02632621766194e-09,0.0197883952382937,1.64213241057979e-09,0.267181102502223,0.146862705427514,0.065694031138226,3.51486276560554e-15,0.282942889366287,0.19064852586938,3.54251023298567e-10,0.0380680730789172,0.0989941191358345,1.40584330667533e-14,0.137165056572475,0.053920030148547,2.3932868483951e-09,0.153519588407295,7.64125663113368e-16,0.118397853949122,5.48784208879358e-11,1.63819091264575e-11,0.110872503335927,1.51668560570414e-14,2.60987080587526e-09,1.7927203044802e-15,1.51874305049921e-15,0.153174858147241,9.37460124884238e-11,9.80447771302276e-10,0.130509369458918,1.79047045760286e-12,1.72882619868147e-12,4.84778651463047e-10,0.214704565014368,5.72684286249026e-15,0.249546440828071
"41",3.48677819800842e-05,0.255139728861598,3.77872380012503e-09,5.1129260826729e-10,0.055665078882499,0.0184286870229275,0.0341780966063382,6.77310321501013e-10,3.60669833075856e-10,0.0182273055178153,0.238510112336789,0.0284382615762369,1.37057114368266e-13,0.0600718486319418,1.02632621766194e-09,0.0864942912249976,1.64213241057979e-09,6.2108822712452e-13,0.113533711553818,1.80542403669796e-09,0.192177567596178,7.26651867473614e-09,0.1085632940511,3.54251023298567e-10,1.76286036348354e-12,5.84067595348509e-13,0.051527031622896,0.0123011748142325,3.12648808155593e-11,2.3932868483951e-09,6.77491310287242e-10,7.64125663113368e-16,0.319654214759233,5.48784208879358e-11,0.0660070385476539,0.0737995291889108,1.51668560570414e-14,2.60987080587526e-09,1.7927203044802e-15,0.113944217609898,0.142561371527305,0.23997010334871,0.0658678744998341,0.225656451850641,0.377868810254341,1.72882619868147e-12,0.140446744538694,1.05707345863774e-15,5.72684286249026e-15,0.0253095978644405
"42",0.441051860196066,4.12060490433159e-08,0.241709806724342,5.1129260826729e-10,0.255229639670804,0.0454368600855594,0.185595734442062,0.227651624998762,0.20707210226136,2.32771742048511e-12,8.65628256110658e-10,1.20333729783944e-12,1.37057114368266e-13,0.160389619600562,1.02632621766194e-09,0.196344310184685,1.64213241057979e-09,6.2108822712452e-13,0.132811156403039,1.80542403669796e-09,3.51486276560554e-15,0.358630223420793,2.28243263341887e-08,3.54251023298567e-10,0.26740714117414,0.179763370950285,0.0560003022361965,7.87091281601647e-08,0.112002556633403,2.3932868483951e-09,0.145379390689626,0.16581587700526,0.158887180018327,5.48784208879358e-11,0.197358969232519,0.136652806521225,0.0468609586157643,0.0162167276966322,0.31955338823858,0.0668927584350655,3.31998251852332e-15,0.465559234905704,0.120586789872787,0.20507712468249,0.0163644061687488,1.72882619868147e-12,0.230096026635326,1.05707345863774e-15,0.0706480401607894,1.23605371968456e-14
"43",0.319899007910314,6.7881637755404e-09,0.241548531394921,0.218218134355095,0.0859659253810654,0.0751455355320894,7.1916675389609e-09,1.39455530070482e-09,8.03788214670428e-11,0.101635167102672,1.17803096634426e-10,8.43854200968179e-14,0.077465768144535,1.37534123296049e-14,1.89576029396255e-09,0.126387685485035,0.136112487712755,0.151777281091624,6.00340651275365e-14,1.37594212037622e-10,1.39946112141592e-16,9.68999332212516e-10,7.99021640069479e-10,0.373505204166595,0.347824244168422,1.88044277010852e-14,4.35386727726623e-16,3.64589924198637e-09,9.63364938864161e-11,4.89569070450928e-10,0.0878668042129315,0.0528587038221905,6.4938970467138e-17,1.34968971430681e-12,0.131508942008923,0.161970221088041,3.42452085796712e-16,6.61289529643579e-09,0.0703287735161563,3.19737976754445e-17,6.77056702020969e-17,5.36805349528078e-12,0.166277266771036,0.0241588999721375,3.32440054978424e-14,3.139864146691e-14,0.275160311726272,1.84185772457598e-17,0.23823922206125,0.197462894368615
"44",3.28352493607144e-05,0.402319380037386,0.0793442115294639,0.154171226426946,0.237641734464025,0.049461078821046,7.1916675389609e-09,1.39455530070482e-09,8.03788214670428e-11,0.318979117547421,1.17803096634426e-10,0.21269523714549,8.86530823668756e-15,0.123437875286293,0.063331398593982,7.18472362692548e-14,0.260939871674102,2.8941718067531e-14,6.00340651275365e-14,1.37594212037622e-10,0.0285862831758618,9.68999332212516e-10,0.100221011793804,0.110908455870464,5.90380578365386e-14,0.180973537504442,0.181127664571111,3.64589924198637e-09,9.63364938864161e-11,4.89569070450928e-10,0.0928852599488025,2.00230346005123e-17,6.4938970467138e-17,1.34968971430681e-12,0.0115277189924299,0.016474188394624,3.42452085796712e-16,0.0110588404540077,3.84442688126181e-17,3.19737976754445e-17,0.284261605949805,0.147187655159065,9.39914314591883e-11,3.72559941352769e-14,3.32440054978424e-14,0.277467071373635,1.50627602599762e-10,0.308973663248547,9.75542113589241e-17,2.07018312254779e-16
"45",0.35441518370542,0.0476903003883632,1.0921167529614e-09,1.0971945173783e-10,1.52331850511442e-11,1.7566354660797e-12,7.1916675389609e-09,0.00124473215816826,0.13826133815814,0.0614904786778399,0.462597768517486,0.323314397098467,8.86530823668756e-15,1.37534123296049e-14,0.134066082158011,7.18472362692548e-14,1.67750168893322e-09,0.0138051337853811,0.0305814828552018,0.158624829138056,0.101628627386809,9.68999332212516e-10,7.99021640069479e-10,0.136937423880882,5.90380578365386e-14,1.88044277010852e-14,0.160324843893712,0.12529504622324,0.0380476795734758,0.00499240181569113,1.21117086514153e-09,2.00230346005123e-17,0.024009603828289,0.403204920671552,2.68675966149451e-11,0.133600282114192,3.42452085796712e-16,6.61289529643579e-09,0.352527209819176,0.0669392681001424,6.77056702020969e-17,0.00508287233294169,0.0340406248347596,3.72559941352769e-14,3.32440054978424e-14,0.259864669814275,1.50627602599762e-10,1.84185772457598e-17,9.75542113589241e-17,0.262233435746344
"46",3.092248740312e-05,2.60422919138464e-09,3.15640693855417e-10,0.346764048429436,2.59952001317266e-12,0.140819566912035,8.38969563806645e-10,3.14032801395885e-10,7.54022809533516e-12,1.65485370876968e-14,0.115409308597152,0.148564738640141,0.133580357420596,0.209085864555474,0.301039713525131,0.370197424538095,1.56712928021112e-10,0.120655819553915,2.64934291776442e-15,4.47236151703056e-11,5.58402172239354e-18,0.295465287512438,7.04906673030392e-10,0.160470713063215,1.97716360168839e-15,0.123502458563203,1.34955985776813e-17,2.37276899888218e-08,1.47583850279792e-11,1.36522081512346e-11,1.16762086273154e-09,5.23390522790375e-19,1.64577721662793e-18,0.199993798113963,7.14370640097544e-12,2.25156628343748e-16,0.0714235386721311,0.241743792697919,8.23943253908702e-19,6.6843892292684e-19,1.38005187896096e-18,9.42097416379959e-13,1.96743073064667e-11,7.07496829784296e-16,0.300936818533475,0.0473426253720703,0.175505453095165,0.0644066130271619,0.20956068418326,0.114401803700657
"47",3.092248740312e-05,0.454232065484574,3.15640693855417e-10,0.0632420449351831,2.59952001317266e-12,2.48815234973794e-13,0.0682424916028697,0.145747121658894,7.54022809533516e-12,0.101730250823326,3.37102893226508e-11,0.416012207149562,0.00513864930672694,0.341838193711035,2.70387720383145e-10,0.130674416835793,0.0686934531238933,1.34863943340807e-15,2.64934291776442e-15,0.0781542731954525,5.58402172239354e-18,0.188142000624901,0.227369972027979,0.0956671909854694,0.193137487595599,0.352130475174185,0.0226862724824698,2.37276899888218e-08,1.47583850279792e-11,1.36522081512346e-11,1.16762086273154e-09,5.23390522790375e-19,0.0432532530738731,0.0518139677580392,0.272328634620178,0.0729827149670675,0.306480916045138,1.63851292020915e-09,8.23943253908702e-19,6.6843892292684e-19,1.38005187896096e-18,9.42097416379959e-13,0.0140237857104296,0.134475262729852,0.0484977778406954,0.119861762538651,0.246623223378106,0.259624433652167,1.66298241754238e-18,3.45906833912983e-18
"48",3.092248740312e-05,2.60422919138464e-09,0.0243041683974602,0.106372536090215,2.59952001317266e-12,0.366484125060633,8.38969563806645e-10,3.14032801395885e-10,7.54022809533516e-12,1.65485370876968e-14,3.37102893226508e-11,5.91763603590853e-15,0.0279640017966858,8.25535865717534e-16,2.70387720383145e-10,3.76952251320106e-15,0.019668568919529,1.34863943340807e-15,0.132029285952457,4.47236151703056e-11,0.129691098500532,0.001425121544791,7.04906673030392e-10,2.8696260844256e-11,0.22289977195122,0.210135292980234,1.34955985776813e-17,2.37276899888218e-08,0.103332656972275,1.36522081512346e-11,1.16762086273154e-09,0.248823876194456,1.64577721662793e-18,0.0305591265723396,7.14370640097544e-12,2.25156628343748e-16,7.737139211832e-18,1.63851292020915e-09,8.23943253908702e-19,0.107673368339222,0.118877508013595,9.42097416379959e-13,1.96743073064667e-11,0.0228394827776541,6.17252627130772e-16,5.70261166692826e-16,0.0544999256285289,3.20571940396938e-19,1.66298241754238e-18,0.169587132864519
"49",0.215514018623885,3.19276365523859e-09,9.12256380532502e-11,5.05256444174822e-12,0.253025627376671,0.148742587801621,3.49078844018748e-09,0.0485542870475277,0.0608105525367938,1.39532258796108e-15,0.183946551383347,4.1498184494821e-16,0.170312204151336,4.95520288744573e-17,9.04262336464558e-11,1.97771024946727e-16,0.150940074179888,0.20400193562168,1.16917268785444e-16,0.0963463761342492,0.0927507961545359,0.134822468866125,0.0197084932320023,0.434250438788822,0.0914784635945822,0.0917917903470397,0.0314968466013188,1.99809225050942e-08,3.90941558790368e-11,3.80710340351776e-13,2.80950754769926e-09,0.320948818671455,4.17074735227175e-20,0.0922147177026407,4.42213974845322e-12,5.22890907159982e-18,1.74813975567127e-19,1.05335747312231e-10,1.76584174931881e-20,1.39669832241517e-20,0.250570184951032,0.186061328886404,2.36616566512497e-12,1.34354769983564e-17,0.0976261071468296,1.03570715808336e-17,4.75886894048579e-14,5.57915991897714e-21,0.0870634999866843,0.104835071546209
"50",2.91211852791543e-05,0.307455903144057,0.23331860265724,0.0306564832696935,4.43604162742963e-13,0.101857563676152,3.49078844018748e-09,6.32883952452022e-11,7.07338219569386e-13,0.0676291792825453,0.00139004683217837,0.107188533281606,0.0152610387710457,4.95520288744573e-17,9.04262336464558e-11,1.97771024946727e-16,0.0158802728958421,6.28445196111053e-17,0.244223033515056,0.288234884663764,0.0728480546342386,1.40518712683064e-12,0.173150666037103,0.104941808935623,0.162588589886849,1.94919427665758e-17,0.2486888650702,1.99809225050942e-08,0.186920609630175,3.80710340351776e-13,0.271896927304565,1.3679800764288e-20,4.17074735227175e-20,0.0375166553320617,4.42213974845322e-12,5.22890907159982e-18,1.74813975567127e-19,1.05335747312231e-10,0.334358443399853,1.39669832241517e-20,0.0435296886619422,0.0388947824461996,2.36616566512497e-12,1.34354769983564e-17,1.14607432682387e-17,0.201507563470093,4.75886894048579e-14,5.57915991897714e-21,2.8349738094253e-20,5.77855816810569e-20
"51",2.91211852791543e-05,3.19276365523859e-09,9.12256380532502e-11,0.142556319861132,4.43604162742963e-13,0.116688095147733,3.49078844018748e-09,0.232377736638578,7.07338219569386e-13,1.39532258796108e-15,0.0632834168524107,4.1498184494821e-16,3.70914954212867e-17,4.95520288744573e-17,0.228276921966501,0.235876709998614,0.167981460177121,6.28445196111053e-17,0.040272902914472,6.49606634358384e-12,0.183426421689783,1.40518712683064e-12,0.0569330753395609,3.01512854558672e-10,6.62144838298702e-17,0.188023082934395,4.18338494815242e-19,0.0533915339428709,3.90941558790368e-11,0.00677332736322229,0.184216371105927,1.3679800764288e-20,4.17074735227175e-20,8.1639186229573e-16,0.297735480721022,0.0383517632329934,1.74813975567127e-19,1.05335747312231e-10,1.76584174931881e-20,1.39669832241517e-20,0.211393999890283,1.87444557950741e-14,0.00459718876801786,0.0663585611219184,0.246018077219007,1.03570715808336e-17,0.337329894288572,5.57915991897714e-21,2.8349738094253e-20,0.0517921955085064
"52",0.16935142835117,1.41272728888725e-09,0.118787970156228,0.0602374579924623,0.0409125223534469,4.99191995167002e-15,6.7704208339761e-10,6.69010350826565e-12,6.63544060654069e-14,1.17649379793512e-16,0.0252806112121898,2.9101136102392e-17,2.39918964911473e-18,2.97431482768565e-18,0.212882919473219,1.03762156195824e-17,6.1622799903835e-12,0.0138303645674938,0.0564429461221581,0.331368322183497,0.0773794046187021,5.351054501795e-14,0.203719722993379,0.0170458366701849,2.21749875846107e-18,6.27556219852464e-19,1.29677319136427e-20,0.0602896550843707,6.98604138311649e-12,1.06166241856443e-14,0.25839439956967,0.0126309261622902,1.05695421293596e-21,2.00784892413259e-17,0.221225759886031,0.0826897503360531,0.0442755051030649,2.14235871356328e-11,3.78447797315163e-22,2.9183274663932e-22,5.73343004391364e-22,0.0404499516381816,0.433110064716836,2.5514184453898e-19,2.12795593258252e-19,0.0152137154378624,8.45868023148506e-16,9.7098232775047e-23,4.83293708250259e-22,0.293605970796872
"53",0.18358159846719,1.41272728888725e-09,0.496120029098766,0.156864016223071,0.146945179326657,0.14578895577462,0.330742020446739,6.69010350826565e-12,6.63544060654069e-14,0.0659118687594274,1.97640517731066e-13,2.9101136102392e-17,0.0649532095432155,2.97431482768565e-18,0.124846552574562,1.03762156195824e-17,6.1622799903835e-12,0.246037861561263,5.15963701085334e-18,0.126125561785642,8.89160690818294e-21,5.351054501795e-14,0.126877342730133,1.42536853921899e-10,0.0516002008071177,6.27556219852464e-19,1.29677319136427e-20,7.65960180980254e-09,0.0473578540343947,0.214040617635952,0.0753212453304638,0.0595541106715731,0.0206055505024319,0.159864003539942,0.0184864645855547,1.21433214884532e-19,0.126388795396531,2.14235871356328e-11,0.326477468733459,0.245069661261363,5.73343004391364e-22,0.28132404603095,0.0935194690986996,2.5514184453898e-19,2.12795593258252e-19,1.88104925049699e-19,8.45868023148506e-16,0.00377098813297383,0.0562765399993098,9.6532919586896e-22
"54",0.0738151614861093,1.41272728888725e-09,2.63657924983356e-11,1.08424137881036e-12,7.57003801493889e-14,4.99191995167002e-15,6.7704208339761e-10,6.69010350826565e-12,6.63544060654069e-14,1.17649379793512e-16,1.97640517731066e-13,0.00472610648078346,2.39918964911473e-18,0.168243837639007,2.40600442214429e-12,1.03762156195824e-17,6.1622799903835e-12,2.9284577838479e-18,0.00892610029094606,4.09970349121667e-13,8.89160690818294e-21,0.14448002300656,0.00948209816320575,1.42536853921899e-10,0.0331160384232582,6.27556219852464e-19,0.17987219886112,0.19016582890391,0.0715436014506322,1.06166241856443e-14,6.69053272477452e-10,3.57546694001373e-22,1.05695421293596e-21,2.00784892413259e-17,0.332269948195154,0.142513156275359,3.94977493330131e-21,0.0148328041174852,0.0757081372504915,0.102946010604745,5.73343004391364e-22,3.72946957779146e-16,1.07232204425025e-11,0.27822855276086,0.0186457281914263,1.88104925049699e-19,8.45868023148506e-16,0.0224469361588966,4.83293708250259e-22,0.136861437832654
"55",0.25797213872838,6.25100574137443e-10,7.62017157566512e-12,2.32669841439537e-13,1.29181555000025e-14,0.0233359605179467,1.25521771430216e-09,0.273389671105194,6.22461374556191e-15,0.094703389727093,1.51332656506269e-14,0.203014723104109,1.55186813231011e-19,0.0360139627973199,0.161342501875311,5.44396483837216e-19,6.6501292325478e-11,1.36461620597406e-19,0.149532217193827,0.0311758989260995,3.54811026212019e-22,0.197994587124356,9.4024497086382e-13,0.132086096249367,7.42632194469836e-20,2.02045949854123e-20,4.01976093908198e-22,0.101513382531526,0.293572669167422,0.0790255881886985,0.145404608098329,0.111429832952184,2.67854198565955e-23,4.93813998930463e-19,0.169502702721454,0.171606708284563,0.248091989667606,1.41457736750799e-11,0.264092737834666,0.014226468077004,0.0160554619688265,0.192516388098223,0.338968895785793,4.84518419952341e-21,0.0216353094108828,3.4163578544503e-21,0.0298918320454442,0.19185566543441,8.23897614266303e-24,0.0213846670235137
"56",2.58276138033742e-05,6.25100574137443e-10,0.089529793813043,0.0250401521265067,0.209768387188349,7.07070852094813e-16,1.25521771430216e-09,0.0245773239192269,6.22461374556191e-15,9.91983981713994e-18,1.51332656506269e-14,0.0734375024629308,1.55186813231011e-19,1.78530504101354e-19,2.68578178912671e-11,5.44396483837216e-19,0.072622420110673,0.00473507374011109,2.27698220809463e-19,1.71823594933127e-14,3.54811026212019e-22,2.03772036723418e-15,9.4024497086382e-13,0.00441482326084465,0.107997599873353,0.0372241752264256,4.01976093908198e-22,1.11260517798532e-09,0.104637631435408,0.0417635441981972,0.175275902975258,9.34513866483001e-24,0.0848915513549431,4.93813998930463e-19,0.0114016767409454,2.82009602947679e-21,0.202859460748856,0.0529450728891523,0.101556916485196,0.0330433698056982,0.326405652092457,0.00525572151312642,0.00133245149332807,0.268778512995412,3.95104954978085e-21,0.235229856057269,0.298405666572933,0.174855016476584,0.257313407257803,1.61261714903741e-23
"57",2.58276138033742e-05,0.306104317872455,7.62017157566512e-12,2.32669841439537e-13,1.29181555000025e-14,7.07070852094813e-16,0.26961025425873,0.238295330279855,0.279478172165346,0.134028934697519,0.0199017022341289,2.04075463242711e-18,0.17313760276468,1.78530504101354e-19,2.68578178912671e-11,0.232791317093238,6.6501292325478e-11,0.349314415566657,2.27698220809463e-19,0.034597523401269,0.0610818169810976,0.455689084773526,9.4024497086382e-13,0.0404496176352009,0.195945947852041,0.0261995845278825,0.154815758180202,1.11260517798532e-09,1.61409874908788e-11,0.31575760906266,1.45174278902711e-09,9.34513866483001e-24,0.0985391178340926,4.93813998930463e-19,8.26300586273288e-13,2.82009602947679e-21,8.92418484001815e-23,0.0693357092333431,0.174844882470269,6.0976881802375e-24,0.149248443117103,0.083622064207606,0.0893995477921826,4.84518419952341e-21,3.95104954978085e-21,3.4163578544503e-21,1.50349320717436e-17,0.0150523173717403,8.23897614266303e-24,1.61261714903741e-23
