"","TranscritID","Weight formula","Weight error","mRNA formula","mRNA error","Mean mRNA concentration","Mean protein concentration","Starting protein concentration value","ks","Normalized ks","kd","Fitting error value","Fitting error score","Fitting error message","Optimization error score","Optimization error message"
"1","Acc00334.1","Double sigmoid",0.132975667333564,"3_deg_log",0.409723761412636,0.234397854900548,30960.3582909692,3.22456085929354,336060.590688708,2.54428197612367,0.98984776893562,0.348461868669722,3,"Average fit",10,"Optimisation converges to 3 indentical values"
"2","Acc00389.1","Double sigmoid",0.132975667333564,"3_deg_log",0.939224526816864,0.842678343630719,6441.10854955942,6.07768679642505,2678.98534883494,0.35048670877028,0.57720938573456,0.288956383984812,4,"Pretty accurate fit",10,"Optimisation converges to 3 indentical values"
"3","Acc00393.1","Double sigmoid",0.132975667333564,"3_deg_log",0.490199866652432,0.099801983549144,28129.963347019,3.17172241448889,1738838.91152308,6.16920720093396,2.84458849092309,0.282790444478445,4,"Pretty accurate fit",10,"Optimisation converges to 3 indentical values"
"4","Acc00398.1","Double sigmoid",0.132975667333564,"3_deg_log",0.443114076316217,0.129059947691552,12229.6689077963,3.35467639413702,675260.775024346,7.12604085685772,3.37755334994921,0.16995041231582,6,"Accurate fit",10,"Optimisation converges to 3 indentical values"
"5","Acc00542.1","Double sigmoid",0.132975667333564,"3_deg_log",0.563327488809591,2.03033779867875,2283.59213772328,1.01730278431086,8641.7506400637,7.6833654668169,3.08478833702975,0.216217123587777,5,"Pretty accurate fit",10,"Optimisation converges to 3 indentical values"
"6","Acc00667.1","Double sigmoid",0.132975667333564,"3_deg_log",0.515840730046466,0.938935307426628,8318.61281055859,1.78316095568448,48384.8220948375,5.4612732727187,2.90308367048636,0.17549977478251,6,"Accurate fit",10,"Optimisation converges to 3 indentical values"
"7","Acc00704.1","Double sigmoid",0.132975667333564,"3_deg_log",0.507827735897173,0.526767796771219,3226.63248458313,1.86324539900544,38490.4442738871,6.28380412822889,2.57081958049688,0.156287533991312,6,"Accurate fit",10,"Optimisation converges to 3 indentical values"
"8","Acc00785.1","Double sigmoid",0.132975667333564,"3_deg_log",0.462669339729763,0.180082980695012,50922.3997978685,3.29820363121444,58777.4639546282,0.207861784767774,0.0109761351619298,0.328847180184911,3,"Average fit",10,"Optimisation converges to 3 indentical values"
"9","Acc00868.1","Double sigmoid",0.132975667333564,"3_deg_log",0.476319906428903,0.398639327537173,7898.14576388014,1.8848143107427,403640.613652342,20.3727593290216,9.53353457902137,0.117451692656362,7,"Very accurate fit",10,"Optimisation converges to 3 indentical values"
"10","Acc00918.1","Double sigmoid",0.132975667333564,"3_deg_log",0.442861643561397,1.00828992189373,24420.3926321254,4.60678968833823,359168.552386498,14.829656389556,7.23956487023565,0.151718231852125,6,"Accurate fit",10,"Optimisation converges to 3 indentical values"
"11","Acc00970.1","Double sigmoid",0.132975667333564,"3_deg_log",0.928268700017201,0.0803262768886996,13327.9822664575,3.93967801396739,125873.43315836,0.758625277455226,0,0.365393493031498,2,"Average fit",10,"Optimisation converges to 3 indentical values"
"12","Acc01326.1","Double sigmoid",0.132975667333564,"3_deg_log",0.436074704699026,0.119973195816244,3501.19022054399,2.64343710198523,167274.953356735,5.73191099885525,2.41017472974621,0.112887677299469,7,"Very accurate fit",10,"Optimisation converges to 3 indentical values"
"13","Acc01334.1","Double sigmoid",0.132975667333564,"3_deg_log",0.52253188170602,0.499054462852147,44132.1015101166,1.88327082203405,713681.29038323,8.0704480600858,3.34140466791247,0.160834915604574,6,"Accurate fit",10,"Optimisation converges to 3 indentical values"
"14","Acc01368.1","Double sigmoid",0.132975667333564,"3_deg_log",0.524164581814442,0.0152525496877662,932.517802578678,1.5620480097248,263423.018818312,4.3086283954227,2.80547375184056,0.35597323934967,2,"Average fit",10,"Optimisation converges to 3 indentical values"
"15","Acc01370.1","Double sigmoid",0.132975667333564,"3_deg_log",0.443108612505621,0.821467451988935,17413.8633805931,3.56847900414414,104125.377044053,4.91192599243028,1.98447576408689,0.163527723735881,6,"Accurate fit",10,"Optimisation converges to 3 indentical values"
"16","Acc01663.1","Double sigmoid",0.132975667333564,"3_deg_log",0.454114166878564,0.277293802308504,11513.7086595381,4.14314637884709,284690.306621444,6.85642306382635,3.98870717514484,0.141118693948943,7,"Very accurate fit",10,"Optimisation converges to 3 indentical values"
"17","Acc01672.1","Double sigmoid",0.132975667333564,"3_deg_log",0.424354596712295,0.26180297390726,14611.963611259,3.31648661650955,210504.672275139,3.77161829095579,1.9234915497555,0.0917515314765037,8,"Excellent fit",10,"Optimisation converges to 3 indentical values"
"18","Acc01717.1","Double sigmoid",0.132975667333564,"3_deg_log",0.95440488470323,2.93950015849537,125723.075644978,1.88193377706232,269569.311317609,6.30273344235717,1.14916536497686,0.166364375297978,6,"Accurate fit",10,"Optimisation converges to 3 indentical values"
"19","Acc01804.1","Double sigmoid",0.132975667333564,"3_deg_log",0.443275287722146,0.316569663734572,41525.7163178135,2.44757831164049,1041202.18040922,7.93756383656782,3.66307557222664,0.24028560482835,5,"Pretty accurate fit",10,"Optimisation converges to 3 indentical values"
"20","Acc01834.1","Double sigmoid",0.132975667333564,"3_deg_log",0.553272930223705,3.10589011026276,13278.0114176181,1.40232673280161,64152.9861868596,15.0061721649983,6.94993542753631,0.133788935968947,7,"Very accurate fit",10,"Optimisation converges to 3 indentical values"
"21","Acc02038.1","Double sigmoid",0.132975667333564,"3_deg_log",0.440440574335992,0.156249432295807,67418.8697708287,2.13517607049417,3423298.65432912,7.93380952745317,3.49832694228512,0.208994690441987,5,"Pretty accurate fit",10,"Optimisation converges to 3 indentical values"
"22","Acc02434.1","Double sigmoid",0.132975667333564,"3_deg_log",0.467243432814537,0.161003582964196,22155.4752715231,3.37964725179278,1096531.2519484,7.96847994603053,4.81937796138959,0.161981878056161,6,"Accurate fit",10,"Optimisation converges to 3 indentical values"
"23","Acc02632.1","Double sigmoid",0.132975667333564,"3_deg_log",0.587004447724563,0.881412769389359,2092.19094222679,2.04351707536043,20392.3581512554,8.59103464684121,6.88325663639584,0.449666371519228,1,"Inaccurate fit",8,"Optimisation nearly converges to 3 identical values"
"24","Acc02677.1","Double sigmoid",0.132975667333564,"3_deg_log",0.522238917317544,0.62936875872853,21666.3852615274,1.72215734698501,288709.162569811,8.3864717204473,4.44276032713607,0.223238497812687,5,"Pretty accurate fit",10,"Optimisation converges to 3 indentical values"
"25","Acc02748.1","Double sigmoid",0.132975667333564,"3_deg_log",0.480785131153918,0.229294731166938,34119.5210196851,2.38458124325855,38473.4235334823,0.258554429913945,0.0051507653027945,0.39592033470401,2,"Average fit",10,"Optimisation converges to 3 indentical values"
"26","Acc02850.1","Double sigmoid",0.132975667333564,"3_deg_log",0.577656148136379,0.136097781439624,6941.39903985636,0.59768654692343,1575689.22475208,30.8940325279896,17.9191153238951,0.369480707478125,2,"Average fit",1,"Optimisation converges to different values"
"27","Acc02931.1","Double sigmoid",0.132975667333564,"3_deg_log",0.458284979187466,0.124336596164397,26869.1980017165,2.78534858383662,1669861.86912156,7.72724741758308,4.37797649586085,0.216703891429178,5,"Pretty accurate fit",10,"Optimisation converges to 3 indentical values"
"28","Acc03033.1","Double sigmoid",0.132975667333564,"3_deg_log",0.610290507503015,1.94473024182466,16234.117400249,1.45042453257536,45906.5555941831,5.49927444535072,2.08689984737138,0.117261318973829,7,"Very accurate fit",10,"Optimisation converges to 3 indentical values"
"29","Acc03164.1","Double sigmoid",0.132975667333564,"3_deg_log",0.439721647423475,0.0645432600073673,5246.61691887271,2.64815804260748,145268.066844103,1.78707055500082,0.763414665519354,0.19602201253391,6,"Accurate fit",10,"Optimisation converges to 3 indentical values"
"30","Acc03297.1","Double sigmoid",0.132975667333564,"3_deg_log",0.463064102424315,0.517039600628481,6924.20679397318,3.33291233105263,76755.4402155352,5.73142936598108,3.02945071173533,0.114638696283238,7,"Very accurate fit",10,"Optimisation converges to 3 indentical values"
"31","Acc03418.1","Double sigmoid",0.132975667333564,"3_deg_log",0.944905594393648,1.47535234107989,5060.59009282646,1.02218482265639,23674.1840035921,6.90191502417217,2.87090739582603,0.519707390437893,-1,"Inaccurate fit",10,"Optimisation converges to 3 indentical values"
"32","Acc03500.1","Double sigmoid",0.132975667333564,"3_deg_log",0.496589774839599,2.18431740245188,17355.6789145682,4.76774961418131,3825.24843747344,0.48143070471657,0.224952702533071,0.17164795165056,6,"Accurate fit",1,"Optimisation converges to different values"
"33","Acc03563.1","Double sigmoid",0.132975667333564,"3_deg_log",0.605936270453345,0.848832391237216,11873.3767109239,2.10557921761316,121484.517328921,8.68497613216748,4.74872821656105,0.366713133271188,2,"Average fit",10,"Optimisation converges to 3 indentical values"
"34","Acc03723.1","Double sigmoid",0.132975667333564,"3_deg_log",0.457661178918345,9.28576753834365,48753.1822480366,2.69496184215919,149981.963777558,28.5662922165203,10.7033579203302,0.195879653679495,6,"Accurate fit",10,"Optimisation converges to 3 indentical values"
"35","Acc03901.1","Double sigmoid",0.132975667333564,"3_deg_log",0.479479762361367,0.427270892477773,8177.67162372433,3.24241450637208,109988.148526021,5.74671331217973,2.5290548512358,0.152994145938929,6,"Accurate fit",10,"Optimisation converges to 3 indentical values"
"36","Acc03929.1","Double sigmoid",0.132975667333564,"3_deg_log",0.645467465703314,0.849000107371908,15539.1349795269,0.2607543613914,1758.73531402206,0.0960907072633559,0.0350224099077986,0.212999189953808,5,"Pretty accurate fit",10,"Optimisation converges to 3 indentical values"
"37","Acc03953.1","Double sigmoid",0.132975667333564,"3_deg_log",0.593391004563503,0.0228446172620762,27909.7728340919,2.47221223682587,68444.6761324707,0.0560231156006801,0.0859069405055689,0.608943759230066,-3,"Inaccurate fit",10,"Optimisation converges to 3 indentical values"
"38","Acc04409.1","Double sigmoid",0.132975667333564,"3_deg_log",0.462324328001397,0.303308927834007,16356.6913186491,3.2990136584576,482122.017448881,8.9401890241006,4.11760272509604,0.168250787402558,6,"Accurate fit",10,"Optimisation converges to 3 indentical values"
"39","Acc04568.1","Double sigmoid",0.132975667333564,"3_deg_log",0.476309202034148,0.231174572885499,2774.53151993193,2.79858347445754,47975.1342209383,3.99729867293848,2.43683230910297,0.319820506140989,3,"Average fit",10,"Optimisation converges to 3 indentical values"
"40","Acc04622.1","Double sigmoid",0.132975667333564,"3_deg_log",0.439681158010035,0.748652457800058,37263.2694872085,2.34486871763585,446777.247981856,8.97615505546504,4.13155875616332,0.247834585658685,5,"Pretty accurate fit",10,"Optimisation converges to 3 indentical values"
"41","Acc04898.1","Double sigmoid",0.132975667333564,"3_deg_log",0.459746643828772,2.11584875774461,19100.4349825361,2.84425252463894,87730.6580080053,9.71835478783994,4.44192238623033,0.128355930707492,7,"Very accurate fit",10,"Optimisation converges to 3 indentical values"
"42","Acc04909.1","Double sigmoid",0.132975667333564,"3_deg_log",0.480315753554872,0.163612360545816,5121.98843024679,2.22646593696039,269883.543317606,8.62092607119281,4.4857302798679,0.271186858276536,4,"Pretty accurate fit",10,"Optimisation converges to 3 indentical values"
"43","Acc05785.1","Double sigmoid",0.132975667333564,"3_deg_log",0.555178301446416,0.855575552577062,4175.12526710469,0.901667481018816,4830.99743060714,0.989978271731321,0.453864476289544,0.259381591793766,4,"Pretty accurate fit",10,"Optimisation converges to 3 indentical values"
"44","Acc05786.1","Double sigmoid",0.132975667333564,"3_deg_log",0.481634134004974,3.4650975912356,21872.4408060351,3.78410403194687,31216.6689617578,4.9454382062353,2.82278634815848,0.234445744478666,5,"Pretty accurate fit",10,"Optimisation converges to 3 indentical values"
"45","Acc05999.1","Double sigmoid",0.132975667333564,"3_deg_log",0.459951689113363,0.338811153523599,11373.9366972537,3.73454680121107,89794.1486702013,2.67482226254753,1.1485825907046,0.132570347584595,7,"Very accurate fit",10,"Optimisation converges to 3 indentical values"
"46","Acc06034.1","Double sigmoid",0.132975667333564,"3_deg_log",0.462105552487777,0.331167195531327,11313.8807088943,3.67808708803486,209331.868146931,6.1273270854849,2.85006259141497,0.115396424822741,7,"Very accurate fit",10,"Optimisation converges to 3 indentical values"
"47","Acc06123.1","Double sigmoid",0.132975667333564,"3_deg_log",0.465976809308706,0.152994149247503,10753.782013494,3.31760538709758,196925.51153834,2.80166094729577,1.51578006119846,0.139585579576984,7,"Very accurate fit",10,"Optimisation converges to 3 indentical values"
"48","Acc06306.1","Double sigmoid",0.132975667333564,"3_deg_log",0.459943401724549,0.282330876055913,22098.6923046986,3.81926843363698,453972.910966988,5.79991647884573,4.86915849414651,0.241030619668375,5,"Pretty accurate fit",8,"Optimisation nearly converges to 3 identical values"
"49","Acc06396.1","Double sigmoid",0.132975667333564,"3_deg_log",0.453404362461168,0.394886215149129,25696.5210165615,2.61658689515206,480948.228639757,7.39087698166718,4.22142801631813,0.248608953794702,5,"Pretty accurate fit",10,"Optimisation converges to 3 indentical values"
"50","Acc06487.1","Double sigmoid",0.132975667333564,"3_deg_log",0.511581074816588,2.85694544356344,43957.5895832563,0.144205327772742,352966.044951511,22.9404010414833,14.4491742719498,0.506126534643266,-1,"Inaccurate fit",4,"Optimisation nearly converges to 2 identical values"
"51","Acc06567.1","Double sigmoid",0.132975667333564,"3_deg_log",0.482748370628148,0.273511068278902,47403.1314007236,3.16514150835439,39427.2932895408,0.227491323638658,0.0368131824516103,0.411182108858542,1,"Inaccurate fit",10,"Optimisation converges to 3 indentical values"
"52","Acc06570.1","Double sigmoid",0.132975667333564,"3_deg_log",0.421342908592366,0.960751023432601,119143.742321324,3.49931617473587,32907.7520735606,0.265361452205124,0.0177351243779759,0.415495440777043,1,"Inaccurate fit",10,"Optimisation converges to 3 indentical values"
"53","Acc06680.1","Double sigmoid",0.132975667333564,"3_deg_log",0.445293912210737,0.144845844577646,5587.64588321609,1.73722071633773,223861.961095727,5.80306545930492,2.51903827187585,0.307640704505989,3,"Average fit",1,"Optimisation converges to different values"
"54","Acc06929.1","Double sigmoid",0.132975667333564,"3_deg_log",0.597696986853383,0.711425182082395,15135.2736675372,1.85323054287295,22899.8710135645,1.07639579325422,0.464192192476208,0.486713694531582,0,"Inaccurate fit",10,"Optimisation converges to 3 indentical values"
"55","Acc07238.1","Double sigmoid",0.132975667333564,"3_deg_log",0.470591875663772,0.505217136005405,11634.3810445572,3.04067719295204,148377.733476465,6.4432283304854,3.29913360234404,0.125601170067769,7,"Very accurate fit",10,"Optimisation converges to 3 indentical values"
"56","Acc07276.1","Double sigmoid",0.132975667333564,"3_deg_log",0.462612074715908,0.325160403620261,62761.4887925153,2.33306937828594,45505.9952467181,0.235761580329642,0,0.520235910354286,-1,"Inaccurate fit",10,"Optimisation converges to 3 indentical values"
"57","Acc07303.1","Double sigmoid",0.132975667333564,"3_deg_log",0.996695114806149,0.196868763750393,2164.89103585207,2.49458351838917,29995.3670093805,2.72768962667532,0.746316014724805,0.20032857958342,5,"Pretty accurate fit",10,"Optimisation converges to 3 indentical values"
"58","Acc07402.1","Double sigmoid",0.132975667333564,"3_deg_log",0.554416618072152,0.395232176392864,30032.7209155367,3.51996564757605,222045.016855897,2.92212402319318,1.67380195651774,0.161399895364896,6,"Accurate fit",10,"Optimisation converges to 3 indentical values"
"59","Acc07403.1","Double sigmoid",0.132975667333564,"3_deg_log",0.632285649499352,0.166545869120286,11287.3115752236,3.9498946359019,527894.988200941,7.78916476507624,10.534440556665,0.292262447510744,4,"Pretty accurate fit",4,"Optimisation nearly converges to 2 identical values"
"60","Acc07492.1","Double sigmoid",0.132975667333564,"3_deg_log",0.311579444363212,0.471526814451419,6285.79993738985,0.529740806104087,2288.67227254045,0.171683851974838,0,0.856218488976629,-8,"Inaccurate fit",10,"Optimisation converges to 3 indentical values"
"61","Acc07533.1","Double sigmoid",0.132975667333564,"3_deg_log",0.453708664519475,1.39549564546555,14835.4025132747,3.11171955605817,62696.3675191891,5.8975486361929,2.79394700830629,0.129467505174919,7,"Very accurate fit",10,"Optimisation converges to 3 indentical values"
"62","Acc07605.1","Double sigmoid",0.132975667333564,"3_deg_log",0.439127241147731,0.375734146058392,17962.9826732019,2.18551467002331,162069.252875919,3.39002455435761,0.997322095748606,0.263777568382223,4,"Pretty accurate fit",10,"Optimisation converges to 3 indentical values"
"63","Acc07656.1","Double sigmoid",0.132975667333564,"3_deg_log",0.512314709344102,0.263040876041012,28901.834064461,4.23616903232312,245923.032309135,2.23819047998756,1.17230673067548,0.188385999866823,6,"Accurate fit",10,"Optimisation converges to 3 indentical values"
"64","Acc07982.1","Double sigmoid",0.132975667333564,"3_deg_log",1.10138049730638,0.0537084265479751,5731.77481589928,1.97204088695074,3477.02272018102,0.032580732036868,0.0491903247059265,0.605508396306349,-3,"Inaccurate fit",10,"Optimisation converges to 3 indentical values"
"65","Acc07983.1","Double sigmoid",0.132975667333564,"3_deg_log",0.698764648692949,0.0210087930993082,11050.1704696187,2.28437866987182,47572.4239027451,0.0904455921067651,0.122524000053742,0.564284320875733,-2,"Inaccurate fit",10,"Optimisation converges to 3 indentical values"
"66","Acc08788.1","Double sigmoid",0.132975667333564,"3_deg_log",0.713952217322223,5.69371277981006,71852.6235843317,1.39018816911858,50606.3855463866,4.0101280893004,2.58050895858139,0.47994631992032,0,"Inaccurate fit",10,"Optimisation converges to 3 indentical values"
"67","Acc09144.1","Double sigmoid",0.132975667333564,"3_deg_log",0.422545734182757,0.245573798767423,58334.6727189724,2.70155730835491,56713.921003889,0.238750855619198,0.0166770747437177,0.383178256598227,2,"Average fit",10,"Optimisation converges to 3 indentical values"
"68","Acc09294.1","Double sigmoid",0.132975667333564,"3_deg_log",0.559248830461028,1.16792851658261,14635.5879412228,1.98373215300357,47679.9075390941,3.80488463508064,1.51539900431785,0.116860862725903,7,"Very accurate fit",10,"Optimisation converges to 3 indentical values"
"69","Acc09504.1","Double sigmoid",0.132975667333564,"3_deg_log",0.453124620070902,0.109333668799048,2480.68102236726,2.1986934421715,131287.037414122,5.78635194804125,2.94867032088117,0.230109194684658,5,"Pretty accurate fit",10,"Optimisation converges to 3 indentical values"
"70","Acc09542.1","Double sigmoid",0.132975667333564,"3_deg_log",0.471288179027758,1.36142429917773,54050.9994016261,1.91339250171661,55401.4179501652,1.39543833492905,0.6914742268714,0.610635739846732,-3,"Inaccurate fit",10,"Optimisation converges to 3 indentical values"
"71","Acc09753.1","Double sigmoid",0.132975667333564,"3_deg_log",0.599145841221445,22.6207991542923,34374.9340449573,1.96421877580786,6738.68552171897,4.43446528657714,2.15130727388326,0.0933129120884927,8,"Excellent fit",10,"Optimisation converges to 3 indentical values"
"72","Acc09814.1","Double sigmoid",0.132975667333564,"3_deg_log",0.502077572199896,2.13001760547645,29088.3124068701,5.14185147662126,187647.807692762,13.7406779886015,7.41166243057496,0.255019816060635,4,"Pretty accurate fit",10,"Optimisation converges to 3 indentical values"
"73","Acc09827.1","Double sigmoid",0.132975667333564,"3_deg_log",0.435281923868312,0.297188943480275,2889.37845012,2.45051185441574,86518.6110395839,8.89892931996044,4.44547814293035,0.159795985281194,6,"Accurate fit",10,"Optimisation converges to 3 indentical values"
"74","Acc09869.1","Double sigmoid",0.132975667333564,"3_deg_log",0.416613657728576,0.249692954913699,23674.8673401706,3.84120366711739,20303.5858601639,0.214136885158647,0,0.551731566555879,-2,"Inaccurate fit",10,"Optimisation converges to 3 indentical values"
"75","Acc09942.1","Double sigmoid",0.132975667333564,"3_deg_log",0.449845685278139,0.502253106144552,15539.4797594728,1.79172754267127,366520.667766616,11.8463517892058,4.45892927614926,0.0894245242163421,8,"Excellent fit",10,"Optimisation converges to 3 indentical values"
"76","Acc10041.1","Double sigmoid",0.132975667333564,"3_deg_log",0.443359907005512,0.310435727750917,33179.4664983444,2.12274357450758,24352.7825185389,0.227850974164388,0,0.44570950933789,1,"Inaccurate fit",10,"Optimisation converges to 3 indentical values"
"77","Acc10172.1","Double sigmoid",0.132975667333564,"3_deg_log",0.449335930693979,0.103540278427384,11443.8757370355,2.71310235798073,33030.7652061191,0.298851080237007,0,0.278694068024193,4,"Pretty accurate fit",10,"Optimisation converges to 3 indentical values"
"78","Acc10207.1","Double sigmoid",0.132975667333564,"3_deg_log",0.479228426929232,0.0837610015874421,132351.846600774,3.00443632596746,9657838.80374517,6.11211911392423,3.69144295598495,0.238836095685085,5,"Pretty accurate fit",10,"Optimisation converges to 3 indentical values"
"79","Acc10292.1","Double sigmoid",0.132975667333564,"3_deg_log",0.468110492194163,1.67802374154082,6046.66721751386,2.97848374651925,19329.1522627847,5.36407499107352,2.95791967978747,0.189716207036379,6,"Accurate fit",10,"Optimisation converges to 3 indentical values"
"80","Acc10349.1","Double sigmoid",0.132975667333564,"3_deg_log",0.769425780061193,0.0441292347162783,10648.8872076899,3.6773103736359,807751.243401636,3.34733982220188,1.57080303624294,0.103499045846097,7,"Very accurate fit",10,"Optimisation converges to 3 indentical values"
"81","Acc10371.1","Double sigmoid",0.132975667333564,"3_deg_log",0.433001125364191,0.0998029647113678,21299.6058374167,0.539460667535282,24782.3448956814,0.116121937277531,0,0.970057060649805,-10,"Inaccurate fit",10,"Optimisation converges to 3 indentical values"
"82","Acc10755.1","Double sigmoid",0.132975667333564,"3_deg_log",0.593556001761631,2.17770583943104,29995.8102653815,0.717239763925682,32331.7741557549,2.34729759773861,0.594425304354505,0.131448033347681,7,"Very accurate fit",10,"Optimisation converges to 3 indentical values"
"83","Acc10921.1","Double sigmoid",0.132975667333564,"3_deg_log",0.425096656013761,1.20901843622853,9878.25586329192,2.90699790948544,1953.11967304897,0.239046014352771,0.000238895236670143,0.249721880678417,5,"Pretty accurate fit",10,"Optimisation converges to 3 indentical values"
"84","Acc10994.1","Double sigmoid",0.132975667333564,"3_deg_log",0.454816582278405,0.142631666992205,19425.7001308029,2.50513235821587,35449.3414914204,0.260283986505061,0.00169760112186408,0.349867317334999,3,"Average fit",10,"Optimisation converges to 3 indentical values"
"85","Acc11082.1","Double sigmoid",0.132975667333564,"3_deg_log",0.954292702192167,0.05789185399049,64769.3203252621,0.573358602604958,590974.058271901,0.528222061337584,0.183240135150729,0.575521211819684,-2,"Inaccurate fit",10,"Optimisation converges to 3 indentical values"
"86","Acc11097.1","Double sigmoid",0.132975667333564,"3_deg_log",0.419571259231336,0.124035229734545,69662.5670612258,3.38168241911678,3556733.06460665,6.33281576295065,2.79706305367667,0.101801481816454,7,"Very accurate fit",10,"Optimisation converges to 3 indentical values"
"87","Acc11149.1","Double sigmoid",0.132975667333564,"3_deg_log",0.811557810012059,0.0912736292047077,3956.1893307617,1.55137907124523,1045869.00214982,24.1293455691468,19.141309224167,0.831551294207881,-7,"Inaccurate fit",1,"Optimisation converges to different values"
"88","Acc11169.1","Double sigmoid",0.132975667333564,"3_deg_log",0.465449120767768,0.405811873306777,33377.016334775,3.66206633928544,529565.799493417,6.43868484157224,3.46393565332301,0.122740556001441,7,"Very accurate fit",10,"Optimisation converges to 3 indentical values"
"89","Acc11385.1","Double sigmoid",0.132975667333564,"3_deg_log",0.830672089286479,0.417228819717826,27623.608001731,1.83039879094649,274434.406979265,4.14507560731188,1.52339363034893,0.314975628288251,3,"Average fit",10,"Optimisation converges to 3 indentical values"
"90","Acc11465.1","Double sigmoid",0.132975667333564,"3_deg_log",0.512937484328473,0.386315757631582,2429.15598043691,2.27757408588948,120495.029921119,19.1626759045934,17.2192103447904,0.316821964397364,3,"Average fit",6,"Optimisation converges to 2 indentical values"
"91","Acc11481.1","Double sigmoid",0.132975667333564,"3_deg_log",0.419010416098839,0.0849152601646502,10312.9182057065,1.60375343544184,35652.0297293945,0.293554289822082,0.00947539036946216,0.408474453649912,1,"Inaccurate fit",10,"Optimisation converges to 3 indentical values"
"92","Acc11560.1","Double sigmoid",0.132975667333564,"3_deg_log",0.505837021688148,0.0644962015918261,15735.5654404974,2.74798272065859,44323.1396065779,0.181669617025097,0.0402393759985452,0.455559434125345,0,"Inaccurate fit",10,"Optimisation converges to 3 indentical values"
"93","Acc11591.1","Double sigmoid",0.132975667333564,"3_deg_log",0.466713555351256,0.435058236301402,19512.9110610973,2.96035151980283,65195.8916977891,1.45360215947924,0.540965356202464,0.0927703030319129,8,"Excellent fit",10,"Optimisation converges to 3 indentical values"
"94","Acc11621.1","Double sigmoid",0.132975667333564,"3_deg_log",0.488754065970953,0.138111307057715,15179.4082427269,3.10903947923572,986751.032678079,8.97804925491861,3.74984235483015,0.176671130022133,6,"Accurate fit",10,"Optimisation converges to 3 indentical values"
"95","Acc11691.1","Double sigmoid",0.132975667333564,"3_deg_log",0.439932175079635,0.0593786727051782,27425.7394207901,2.37539204402803,63837.8314343066,0.138213436683956,0,0.65062282341519,-4,"Inaccurate fit",10,"Optimisation converges to 3 indentical values"
"96","Acc12015.1","Double sigmoid",0.132975667333564,"3_deg_log",0.499870078872365,0.178856408159634,5597.16368514549,1.34401143514842,63490.7963053892,2.02883753578875,1.79873638912232,0.696291781699926,-4,"Inaccurate fit",10,"Optimisation converges to 3 indentical values"
"97","Acc12027.1","Double sigmoid",0.132975667333564,"3_deg_log",0.448008459321884,0.348341723965542,4298.63476600283,1.50169745800426,3932.83131646453,0.318698683516399,0,0.472265989241139,0,"Inaccurate fit",6,"Optimisation converges to 2 indentical values"
"98","Acc12035.1","Double sigmoid",0.132975667333564,"3_deg_log",0.411143594674694,0.0826877886879954,11247.8301208391,3.26696160635706,21608.636639878,0.158854673400829,0,0.431566432815092,1,"Inaccurate fit",6,"Optimisation converges to 2 indentical values"
"99","Acc12049.1","Double sigmoid",0.132975667333564,"3_deg_log",0.464773836225771,3.05123249264192,24065.7985380543,3.18466372011239,47766.8792022296,6.05622346848284,3.1491413841519,0.165765350004529,6,"Accurate fit",10,"Optimisation converges to 3 indentical values"
"100","Acc12054.1","Double sigmoid",0.132975667333564,"3_deg_log",0.602319059648184,0.100540125223892,19887.2319285346,1.52908162705488,96619.8629174788,0.488462806274239,0.0273184683516076,0.332309502034775,3,"Average fit",10,"Optimisation converges to 3 indentical values"
"101","Acc12057.1","Double sigmoid",0.132975667333564,"3_deg_log",0.634819859478747,1.17900373118942,25440.3193306304,3.40013743266005,1121.13677891906,0.0519578558877506,0.0158597551360431,0.417847164497526,1,"Inaccurate fit",6,"Optimisation converges to 2 indentical values"
"102","Acc12302.1","Double sigmoid",0.132975667333564,"3_deg_log",0.567713418199684,0.112569976374791,15495.9384705344,3.31017964715221,1043216.13463563,7.5784255244067,3.78012941341482,0.237431473358452,5,"Pretty accurate fit",10,"Optimisation converges to 3 indentical values"
"103","Acc12444.1","Double sigmoid",0.132975667333564,"3_deg_log",0.626180622251997,0.587383706259164,158131.454988527,4.73511498566324,1233231.83407468,4.58087409255881,2.60166163674548,0.204590302623674,5,"Pretty accurate fit",10,"Optimisation converges to 3 indentical values"
"104","Acc12498.1","Double sigmoid",0.132975667333564,"3_deg_log",0.388940720495107,0.438218164726069,193887.8591254,3.38263200579007,3282859.70144232,7.41979802092083,4.45535663070417,0.140005932630352,7,"Very accurate fit",10,"Optimisation converges to 3 indentical values"
"105","Acc12703.1","Double sigmoid",0.132975667333564,"3_deg_log",0.469447947933854,0.0167130053222554,49501.943236156,1.40114458188019,766928.653599345,0.258932919223948,0,0.580233754293922,-2,"Inaccurate fit",10,"Optimisation converges to 3 indentical values"
"106","Acc12757.1","Double sigmoid",0.132975667333564,"3_deg_log",0.680733629761758,0.896682678878913,2724.93292683519,1.8445551149523,17004.176926628,5.59549586286824,2.52337712380498,0.15967047969332,6,"Accurate fit",10,"Optimisation converges to 3 indentical values"
"107","Acc12875.1","Double sigmoid",0.132975667333564,"3_deg_log",0.847329964769613,0.0172712705718022,90009.8526099182,4.22028658391401,47225.0478254031,0.00906163664430843,0,0.575272677389522,-2,"Inaccurate fit",10,"Optimisation converges to 3 indentical values"
"108","Acc13097.1","Double sigmoid",0.132975667333564,"3_deg_log",0.49976133796782,0.167312226057485,5862.92463958309,3.12497121220883,147446.936315597,4.20774215205895,2.33036255171458,0.339355064625434,3,"Average fit",10,"Optimisation converges to 3 indentical values"
"109","Acc13167.1","Double sigmoid",0.132975667333564,"3_deg_log",0.457247222399826,0.0121375974838755,3868.51537583349,1.13939932021297,63727.0717489047,0.199945837244503,0,0.799403700373776,-6,"Inaccurate fit",10,"Optimisation converges to 3 indentical values"
"110","Acc13353.1","Double sigmoid",0.132975667333564,"3_deg_log",0.452259462150001,0.132551798343418,1900.93090635589,3.00927258515055,131613.705179394,9.17741578604377,4.54835030860614,0.194011993810354,6,"Accurate fit",10,"Optimisation converges to 3 indentical values"
"111","Acc13387.1","Double sigmoid",0.132975667333564,"3_deg_log",0.465146644288316,0.27818428244937,7560.26556697745,2.80240963910764,209213.858705325,7.69814322616088,3.74611349308484,0.151546481970562,6,"Accurate fit",10,"Optimisation converges to 3 indentical values"
"112","Acc13454.1","Double sigmoid",0.132975667333564,"3_deg_log",0.58728722994563,0.0255727210980762,25999.3245693848,2.55044817919628,3129265.51675628,3.07791973934842,1.66558841822481,0.280705280900387,4,"Pretty accurate fit",10,"Optimisation converges to 3 indentical values"
"113","Acc13757.1","Double sigmoid",0.132975667333564,"3_deg_log",0.985113677452072,1.42606708678224,32809.8163688284,0.370893764971431,151473.724577427,6.58375196934699,0.0369518452398103,0.504690980141447,-1,"Inaccurate fit",10,"Optimisation converges to 3 indentical values"
"114","Acc13772.1","Double sigmoid",0.132975667333564,"3_deg_log",0.481702184880027,2.11055960555153,35425.2646687471,1.37974976541801,4077.07455408989,0.242903163692538,0.0100988731269094,0.589992581047746,-2,"Inaccurate fit",6,"Optimisation converges to 2 indentical values"
"115","Acc13858.1","Double sigmoid",0.132975667333564,"3_deg_log",0.480820001519597,0.73423012051773,21082.3987097085,1.30495704922866,96097.0852262646,3.3467431974233,1.30023559195172,0.134591081699913,7,"Very accurate fit",10,"Optimisation converges to 3 indentical values"
"116","Acc13953.1","Double sigmoid",0.132975667333564,"3_deg_log",0.479098471296508,0.830315539881906,15826.9055661772,5.05287085073851,120111.419505377,6.30131883428418,3.23581898989672,0.211808525013748,5,"Pretty accurate fit",10,"Optimisation converges to 3 indentical values"
"117","Acc14164.1","Double sigmoid",0.132975667333564,"3_deg_log",0.517960027161124,0.233255801842112,33961.9398507422,1.44158980277553,53840.7538470246,0.369786539448718,0.080840895014481,0.158774098915865,6,"Accurate fit",10,"Optimisation converges to 3 indentical values"
"118","Acc14196.1","Double sigmoid",0.132975667333564,"3_deg_log",0.667345114352687,0.0632246057704018,14976.0171970046,0.370947463448626,471843.311564062,1.99199206081345,0.400322868285071,0.210173374969042,5,"Pretty accurate fit",10,"Optimisation converges to 3 indentical values"
"119","Acc14349.1","Double sigmoid",0.132975667333564,"3_deg_log",0.529942949129343,0.347427571478018,20917.0868706411,2.86094928575687,455187.852829737,7.56055617366579,4.81958057854287,0.234073682982102,5,"Pretty accurate fit",10,"Optimisation converges to 3 indentical values"
"120","Acc14352.1","Double sigmoid",0.132975667333564,"3_deg_log",0.490304426519694,0.686002006574695,17569.9911760371,1.66613717084952,6340.41082122481,0.24755473706784,0.027139106925831,0.5166910430189,-1,"Inaccurate fit",6,"Optimisation converges to 2 indentical values"
"121","Acc14531.1","Double sigmoid",0.132975667333564,"3_deg_log",0.471784047019422,2.05300918570631,3612.92913364761,2.00810308735911,31016.9643161011,17.6250655072747,10.934942194658,0.516583963559812,-1,"Inaccurate fit",6,"Optimisation converges to 2 indentical values"
"122","Acc14570.1","Double sigmoid",0.132975667333564,"3_deg_log",0.43483154118294,0.249912524572388,4214.07415755223,3.00453484963317,97512.6252705148,5.78291350553519,2.63958573443045,0.175092212325874,6,"Accurate fit",10,"Optimisation converges to 3 indentical values"
"123","Acc14597.1","Double sigmoid",0.132975667333564,"3_deg_log",0.442998097243273,0.231847733363988,1235.56662658598,3.87288162620048,26018.8859147125,4.88231034586182,3.63701141802425,0.46761902836103,0,"Inaccurate fit",10,"Optimisation converges to 3 indentical values"
"124","Acc14805.1","Double sigmoid",0.132975667333564,"3_deg_log",0.376128871639345,0.133082097516352,1737.69378495243,1.47334719371291,5819.09929959656,0.445658462470386,0.212380449204867,0.593972365772059,-2,"Inaccurate fit",10,"Optimisation converges to 3 indentical values"
"125","Acc14894.1","Double sigmoid",0.132975667333564,"3_deg_log",0.49366912054634,0.0582726379499425,7867.66425276897,1.97335104605468,735849.238406956,5.45014058528721,3.63539194011113,0.407570569472858,1,"Inaccurate fit",10,"Optimisation converges to 3 indentical values"
"126","Acc14982.1","Double sigmoid",0.132975667333564,"3_deg_log",0.447686544795851,3.72410988017295,15871.0179202269,4.23725920106871,65708.8190578326,15.4184730618887,9.79910345694967,0.239042870576475,5,"Pretty accurate fit",10,"Optimisation converges to 3 indentical values"
"127","Acc15261.1","Double sigmoid",0.132975667333564,"3_deg_log",0.480433942136897,1.13338249908511,9263.41449625703,2.07879329450218,50122.1091941856,6.13246027162842,4.79292764415981,0.402960708787299,1,"Inaccurate fit",10,"Optimisation converges to 3 indentical values"
"128","Acc15267.1","Double sigmoid",0.132975667333564,"3_deg_log",0.472601292881909,0.227045242804073,12059.7643139551,3.18574656076619,407114.277009612,7.6646074886962,3.97803443288247,0.0877993021759884,8,"Excellent fit",10,"Optimisation converges to 3 indentical values"
"129","Acc15347.1","Double sigmoid",0.132975667333564,"3_deg_log",0.537616726566923,0.0555236479565554,18654.4656098963,2.57838593892162,2601822.03364543,7.74413235215379,3.72897149354859,0.170755745733761,6,"Accurate fit",10,"Optimisation converges to 3 indentical values"
"130","Acc15705.1","Double sigmoid",0.132975667333564,"3_deg_log",0.883869480267359,0.191634386056826,5441.32694914099,0.344407978292705,28513.7963997932,1.00420796586875,0.513999886340217,0.615358926610313,-3,"Inaccurate fit",10,"Optimisation converges to 3 indentical values"
"131","Acc16089.1","Double sigmoid",0.132975667333564,"3_deg_log",0.464273446708489,0.178370091043039,35362.7662386191,4.22709420813129,1087947.34091646,5.48761555981938,3.20368780176386,0.0835564882838853,8,"Excellent fit",10,"Optimisation converges to 3 indentical values"
"132","Acc16112.1","Double sigmoid",0.132975667333564,"3_deg_log",0.469411112223989,0.404565765932743,9215.60366647257,2.14226068636122,42279.3918435686,1.85606881148688,0.518643558193768,0.115933918477299,7,"Very accurate fit",10,"Optimisation converges to 3 indentical values"
"133","Acc16259.1","Double sigmoid",0.132975667333564,"3_deg_log",0.409409210293067,0.251254462681726,25737.2629500705,2.44708751560235,238778.717841015,2.33102558602919,0.809134574297155,0.134648830855579,7,"Very accurate fit",10,"Optimisation converges to 3 indentical values"
"134","Acc16316.1","Double sigmoid",0.132975667333564,"3_deg_log",0.580510345740624,0.390734446253982,11108.1777694296,3.60572153991822,214684.586272789,7.55161329587464,3.3188240414468,0.0887254911004452,8,"Excellent fit",10,"Optimisation converges to 3 indentical values"
"135","Acc16579.1","Double sigmoid",0.132975667333564,"3_deg_log",0.758949480463858,0.140369533687749,19876.5169680336,0.138397164828353,8041.9725158106,0.0567930454711708,0,0.991249817743723,-10,"Inaccurate fit",10,"Optimisation converges to 3 indentical values"
"136","Acc16583.1","Double sigmoid",0.132975667333564,"3_deg_log",0.459487665064032,3.44253694102266,19292.1030174187,4.62557915188982,9251.75606570674,1.65090928639398,0.539243657451721,0.247909135636351,5,"Pretty accurate fit",10,"Optimisation converges to 3 indentical values"
"137","Acc16781.1","Double sigmoid",0.132975667333564,"3_deg_log",0.48766483117778,4.26946762509971,23763.5469874629,2.47501032581007,2074.0772265641,0.372638208237339,0.104715090312547,0.429137780266598,1,"Inaccurate fit",10,"Optimisation converges to 3 indentical values"
"138","Acc16891.1","Double sigmoid",0.132975667333564,"3_deg_log",0.371875908855465,0.155943322349661,35985.8794431697,2.22794690489296,50622.4115384913,0.219370129695761,0,0.576424618909089,-2,"Inaccurate fit",10,"Optimisation converges to 3 indentical values"
"139","Acc17150.1","Double sigmoid",0.132975667333564,"3_deg_log",0.460223148674872,0.280917751103681,72093.6975711407,1.64505006406123,60920.336356115,0.237380027134165,0.00875049265397365,0.585614175832349,-2,"Inaccurate fit",10,"Optimisation converges to 3 indentical values"
"140","Acc17377.1","Double sigmoid",0.132975667333564,"3_deg_log",0.441824802230907,0.297914595510264,3098.05216866812,4.46194107983561,56058.9883882576,5.39073906479185,3.14414337710082,0.118587940122228,7,"Very accurate fit",10,"Optimisation converges to 3 indentical values"
"141","Acc17618.1","Double sigmoid",0.132975667333564,"3_deg_log",0.490534536618464,0.364437974474906,9650.47759429025,2.43534047643275,111508.987116495,4.21099463766722,3.03734405886637,0.29269279499961,4,"Pretty accurate fit",10,"Optimisation converges to 3 indentical values"
"142","Acc17732.1","Double sigmoid",0.132975667333564,"3_deg_log",0.903456959395099,0.00872946523204387,27203.5735243455,6.45204914712147,26040.3531982388,0.00835619473561928,0,0.290027278576028,4,"Pretty accurate fit",10,"Optimisation converges to 3 indentical values"
"143","Acc17753.1","Double sigmoid",0.132975667333564,"3_deg_log",0.413009294688275,0.0954716954157263,14932.7209035547,3.11791959537462,632809.601430897,4.04584040069858,1.82983898860437,0.0743068001183375,8,"Excellent fit",10,"Optimisation converges to 3 indentical values"
"144","Acc17855.1","Double sigmoid",0.132975667333564,"3_deg_log",0.479248489035559,0.65099777918682,15040.2849032718,4.60849494556186,187934.014234235,8.13446199237472,5.89504593349992,0.0863116464883209,8,"Excellent fit",10,"Optimisation converges to 3 indentical values"
"145","Acc18029.1","Double sigmoid",0.132975667333564,"3_deg_log",0.404090910855469,0.325997713029224,9570.47951014142,3.88539344384443,3934.50914042354,0.134020555637938,0.0136107145063073,0.268625052337381,4,"Pretty accurate fit",10,"Optimisation converges to 3 indentical values"
"146","Acc18565.1","Double sigmoid",0.132975667333564,"3_deg_log",0.487406147579056,0.0973618823405006,25021.4445879566,4.61138298133042,305318.121060629,1.18803480249241,0.611482230331537,0.108234974581519,7,"Very accurate fit",10,"Optimisation converges to 3 indentical values"
"147","Acc18657.1","Double sigmoid",0.132975667333564,"3_deg_log",0.417065700609387,0.1325189932546,2416509.73724439,0,1481067.34889184,0.0812202620136006,0,0.99197317957486,-10,"Inaccurate fit",10,"Optimisation converges to 3 indentical values"
"148","Acc19068.1","Double sigmoid",0.132975667333564,"3_deg_log",0.43297266714548,0.198565464524933,7200.04583596213,2.85830795260646,212921.2058384,5.8720179159611,3.60118125059659,0.327787563627465,3,"Average fit",10,"Optimisation converges to 3 indentical values"
"149","Acc19101.1","Double sigmoid",0.132975667333564,"3_deg_log",0.441388247704806,0.185462564657582,3215.0045850011,2.19010459252146,89581.7695479786,5.16766439601421,2.47940659788311,0.162098978798632,6,"Accurate fit",10,"Optimisation converges to 3 indentical values"
"150","Acc19725.1","Double sigmoid",0.132975667333564,"3_deg_log",0.460726084142933,0.1579965681623,2842.17390900259,1.64577909344592,64959.2163650025,3.61108559320512,1.28566559676759,0.185207805380699,6,"Accurate fit",10,"Optimisation converges to 3 indentical values"
"151","Acc19907.1","Double sigmoid",0.132975667333564,"3_deg_log",0.503141353847835,0.18980187394079,4921.75466431831,2.15213610696595,5897.2774403443,0.227421800895703,0.0177702357416618,0.584413174430154,-2,"Inaccurate fit",10,"Optimisation converges to 3 indentical values"
"152","Acc20182.1","Double sigmoid",0.132975667333564,"3_deg_log",0.428007580460785,0.12661274420292,8884.20045746726,1.60716655711452,183395.428074757,2.61365088889877,2.24409497775635,0.577869135586396,-2,"Inaccurate fit",10,"Optimisation converges to 3 indentical values"
"153","Acc20298.1","Double sigmoid",0.132975667333564,"3_deg_log",0.469816603198947,0.526116781369794,1354.39634657504,3.55008982941182,6231.38461802092,2.42058835067064,1.41738467060544,0.117949545561149,7,"Very accurate fit",10,"Optimisation converges to 3 indentical values"
"154","Acc20422.1","Double sigmoid",0.132975667333564,"3_deg_log",0.464586675316183,0.203423733146705,3196.09639255622,4.10699683276817,31127.5939432272,1.9811953664957,1.02800833433744,0.258567022250522,4,"Pretty accurate fit",10,"Optimisation converges to 3 indentical values"
"155","Acc20463.1","Double sigmoid",0.132975667333564,"3_deg_log",0.51197828976175,0.112134493374605,9262.7009401944,2.43894277930211,384072.581433091,4.64959244783438,3.13710660784539,0.28779413960487,4,"Pretty accurate fit",10,"Optimisation converges to 3 indentical values"
"156","Acc20494.1","Double sigmoid",0.132975667333564,"3_deg_log",0.45907891480866,0.150537948912304,2496.38943606019,3.2169167929075,119816.746565501,7.22522175938296,4.02495255168279,0.183003107185341,6,"Accurate fit",10,"Optimisation converges to 3 indentical values"
"157","Acc20774.1","Double sigmoid",0.132975667333564,"3_deg_log",0.473811246635114,0.232064738833342,7052.16926701291,3.46015606687916,121624.863211384,4.00229220940779,2.08829408544478,0.11532701395845,7,"Very accurate fit",10,"Optimisation converges to 3 indentical values"
"158","Acc20862.1","Double sigmoid",0.132975667333564,"3_deg_log",0.44329514714607,0.218288500165229,4407.09549255525,3.19405547664361,82371.4389375133,4.07995195304837,2.30324326026915,0.135399086102154,7,"Very accurate fit",10,"Optimisation converges to 3 indentical values"
"159","Acc21071.1","Double sigmoid",0.132975667333564,"3_deg_log",0.481726572576658,0.352842187419643,9443.07370246521,2.31884229786972,81935.1364340998,3.06152145761473,1.32403360384309,0.1862127950963,6,"Accurate fit",10,"Optimisation converges to 3 indentical values"
"160","Acc21233.1","Double sigmoid",0.132975667333564,"3_deg_log",0.553090675285974,0.0171831634952654,13888.0062220117,3.7120991249913,4364371.04836353,5.3998896658883,2.3164984027661,0.0842610221689387,8,"Excellent fit",10,"Optimisation converges to 3 indentical values"
"161","Acc21247.1","Double sigmoid",0.132975667333564,"3_deg_log",0.607313585253041,0.349121242549866,25011.1759296656,0.379914507006847,9895.41902267977,0.138126291801096,0.111503671772657,0.132759101639222,7,"Very accurate fit",10,"Optimisation converges to 3 indentical values"
"162","Acc21263.1","Double sigmoid",0.132975667333564,"3_deg_log",0.446598339752388,1.16815861571931,7909.64066790975,2.48680498845801,37714.581418525,5.56998921595009,2.56124934614956,0.239811315956868,5,"Pretty accurate fit",10,"Optimisation converges to 3 indentical values"
"163","Acc21317.1","Double sigmoid",0.132975667333564,"3_deg_log",0.929700752842455,0.000374241036029476,75956.9837748432,3.63968824385735,3524445.11066481,0.0173649863922199,0,0.548883869290351,-1,"Inaccurate fit",10,"Optimisation converges to 3 indentical values"
"164","Acc21348.1","Double sigmoid",0.132975667333564,"3_deg_log",0.479253251434265,0.0679893342153045,8778.20003200561,2.3521806090222,451684.399141047,3.49840758482046,2.30288538174538,0.200620616646696,5,"Pretty accurate fit",10,"Optimisation converges to 3 indentical values"
"165","Acc21563.1","Double sigmoid",0.132975667333564,"3_deg_log",0.453854570863662,0.420761796294637,6921.47097068914,3.21255243845336,122144.547940314,7.4252654698118,3.98126614781629,0.171615985482034,6,"Accurate fit",10,"Optimisation converges to 3 indentical values"
"166","Acc21565.1","Double sigmoid",0.132975667333564,"3_deg_log",0.490759898880743,0.08445302165804,3978.06737822699,3.73175309496827,432418.787515291,9.18010424540591,4.80227210621007,0.0810189516491145,8,"Excellent fit",10,"Optimisation converges to 3 indentical values"
"167","Acc21600.1","Double sigmoid",0.132975667333564,"3_deg_log",0.879032014219151,0.00236853292030114,14057.0405181523,2.44280427132049,86011.997777561,0.0144925418699582,0,0.769355169935415,-6,"Inaccurate fit",10,"Optimisation converges to 3 indentical values"
"168","Acc21627.1","Double sigmoid",0.132975667333564,"3_deg_log",0.372497714313288,0.73580724899886,109890.347415743,2.72355547681049,29997.4776709985,0.200858055698895,0,0.399008678538513,2,"Average fit",10,"Optimisation converges to 3 indentical values"
"169","Acc22015.1","Double sigmoid",0.132975667333564,"3_deg_log",0.467254605349376,0.159693346761848,34378.0786583085,1.60560463024782,33476.2054255957,0.155503957461814,0,0.723083104886724,-5,"Inaccurate fit",10,"Optimisation converges to 3 indentical values"
"170","Acc22160.1","Double sigmoid",0.132975667333564,"3_deg_log",0.428371569944662,0.718035943539955,4558.69756918086,3.68151406455732,34901.3820727626,5.49728215727362,3.30636116789106,0.12556142712821,7,"Very accurate fit",10,"Optimisation converges to 3 indentical values"
"171","Acc22472.1","Double sigmoid",0.132975667333564,"3_deg_log",0.456171737899581,0.30169823743359,5085.97161851375,3.31405093633635,67100.5250155466,3.98038204821418,2.18122539330557,0.263122360589709,4,"Pretty accurate fit",10,"Optimisation converges to 3 indentical values"
"172","Acc22636.1","Double sigmoid",0.132975667333564,"3_deg_log",0.754714299870744,0.0500322014007179,94567.204735874,1.40459402925803,1278895.9230852,0.67661911518976,0,0.666396583288771,-4,"Inaccurate fit",10,"Optimisation converges to 3 indentical values"
"173","Acc22740.1","Double sigmoid",0.132975667333564,"3_deg_log",0.531962356904594,1.13789072412072,6102.65948577212,2.01882816568737,972.505615696951,0.181331618098115,0,0.447088573556089,1,"Inaccurate fit",10,"Optimisation converges to 3 indentical values"
"174","Acc22798.1","Double sigmoid",0.132975667333564,"3_deg_log",0.472676667734976,0.13991309272697,3433.56609419718,1.45875700351404,4873.33214262016,0.19858157765248,0.0343418409764305,0.682127014387999,-4,"Inaccurate fit",6,"Optimisation converges to 2 indentical values"
"175","Acc23039.1","Double sigmoid",0.132975667333564,"3_deg_log",0.447557540023476,0.0286668664314108,6722.36744530784,3.75904930986522,1198944.46699509,5.11277926618207,3.15967440284017,0.153004352232656,6,"Accurate fit",10,"Optimisation converges to 3 indentical values"
"176","Acc23087.1","Double sigmoid",0.132975667333564,"3_deg_log",0.419591821313914,0.244638937863476,7842.87180187295,1.26573165270161,7392.96372683487,0.230605171101251,0.0187583171697944,0.441655405154536,1,"Inaccurate fit",10,"Optimisation converges to 3 indentical values"
"177","Acc23386.1","Double sigmoid",0.132975667333564,"3_deg_log",0.456307634711909,0.458131864568406,1874.88147578741,1.81013708991238,722.684376488437,0.176589691226244,0,0.396503275666078,2,"Average fit",10,"Optimisation converges to 3 indentical values"
"178","Acc23406.1","Double sigmoid",0.132975667333564,"3_deg_log",0.482437702270461,1.41180627188349,63648.1339233155,4.17484900664301,219514.866171957,4.86915241233344,2.50070841383756,0.205626598352981,5,"Pretty accurate fit",10,"Optimisation converges to 3 indentical values"
"179","Acc23432.1","Double sigmoid",0.132975667333564,"3_deg_log",0.461983960293073,0.719565017386089,17726.5156698905,3.17627043954674,210318.200110686,8.53735850505087,4.41635496438342,0.163864151633544,6,"Accurate fit",10,"Optimisation converges to 3 indentical values"
"180","Acc23505.1","Double sigmoid",0.132975667333564,"3_deg_log",0.551184297123806,0.125036626906767,45384.8672830614,1.37773461470076,1113.56936912013,0.00306791593931672,0,0.915955176415463,-9,"Inaccurate fit",10,"Optimisation converges to 3 indentical values"
"181","Acc23509.1","Double sigmoid",0.132975667333564,"3_deg_log",0.464246454586086,0.0649165852971063,44486.5070561495,1.40371630475493,196540.054612492,0.28679952785338,0.0244035411772511,0.434564187766652,1,"Inaccurate fit",10,"Optimisation converges to 3 indentical values"
"182","Acc23543.1","Double sigmoid",0.132975667333564,"3_deg_log",0.602720074837619,0.00543820332398566,10349.2199981046,3.30796963715323,266056.053040007,0.139804440554327,0,0.56151320093076,-2,"Inaccurate fit",10,"Optimisation converges to 3 indentical values"
"183","Acc23562.1","Double sigmoid",0.132975667333564,"3_deg_log",0.780785864208991,5.01584510075654,54808.5391936036,1.01606800476345,4853.59542843354,0.444180472768446,0,0.695406540994697,-4,"Inaccurate fit",10,"Optimisation converges to 3 indentical values"
"184","Acc23633.1","Double sigmoid",0.132975667333564,"3_deg_log",0.500550635827183,0.294858440680389,4690.85189141671,1.82423393950766,3838.63149037878,0.241289412200539,0.0365911854179599,0.559308810636414,-2,"Inaccurate fit",10,"Optimisation converges to 3 indentical values"
"185","Acc23920.1","Double sigmoid",0.132975667333564,"3_deg_log",0.481029041769133,0.178063017883075,6830.20823122515,1.61717670521885,9861.54328338354,0.257089696035353,0.0375290049662415,0.632270795055125,-3,"Inaccurate fit",10,"Optimisation converges to 3 indentical values"
"186","Acc23951.1","Double sigmoid",0.132975667333564,"3_deg_log",0.69823953223057,0.500055888013879,18656.2828890945,2.01175646311898,163690.55952341,4.38749929922083,1.67125526038981,0.254241291085239,4,"Pretty accurate fit",10,"Optimisation converges to 3 indentical values"
"187","Acc24135.1","Double sigmoid",0.132975667333564,"3_deg_log",0.550164498588382,0.465128342069724,4903.49527962914,1.42707379884795,22329.8018090709,2.1181265815319,1.00386591215637,0.343573565125734,3,"Average fit",10,"Optimisation converges to 3 indentical values"
"188","Acc24337.1","Double sigmoid",0.132975667333564,"3_deg_log",0.442645842042231,0.14639542060967,2901.82849914938,3.57092489843978,70804.1305284336,3.57202380245782,2.07620205467708,0.197588975144196,6,"Accurate fit",10,"Optimisation converges to 3 indentical values"
"189","Acc24460.1","Double sigmoid",0.132975667333564,"3_deg_log",0.490528873310229,0.932115466160061,9485.77945935575,1.20836590011214,211000.240117846,20.7338351075989,9.90276276219638,0.14575470081222,7,"Very accurate fit",10,"Optimisation converges to 3 indentical values"
"190","Acc24542.1","Double sigmoid",0.132975667333564,"3_deg_log",0.406294551239623,0.0521482081450577,11760.6810226637,1.79069277672306,76796.0799945855,0.340522624205574,0.0885714952071487,0.385114893383813,2,"Average fit",10,"Optimisation converges to 3 indentical values"
"191","Acc24572.1","Double sigmoid",0.132975667333564,"3_deg_log",0.606717184127768,9.99090660262497,42761.5061551287,0.326132668872929,7424.9703278502,1.73478887305086,0.619142137998562,0.560821057624979,-2,"Inaccurate fit",10,"Optimisation converges to 3 indentical values"
"192","Acc24702.1","Double sigmoid",0.132975667333564,"3_deg_log",0.437003493535409,0.475545119232861,9278.42188693017,3.35436750691555,114930.449781232,5.89050757884705,3.11958362435272,0.112658615915064,7,"Very accurate fit",10,"Optimisation converges to 3 indentical values"
"193","Acc24808.1","Double sigmoid",0.132975667333564,"3_deg_log",0.514894675401755,0.365647334510897,24238.8531816734,0.805668107509154,36999.3649328616,0.558141883400887,0.262295313239755,0.28090054716736,4,"Pretty accurate fit",10,"Optimisation converges to 3 indentical values"
"194","Acc24998.1","Double sigmoid",0.132975667333564,"3_deg_log",0.431918214695098,1.04294758102069,12824.9751263157,2.40773840651009,3495.97595124468,0.284298380756749,0.0241611667624597,0.337284727486095,3,"Average fit",10,"Optimisation converges to 3 indentical values"
"195","Acc25027.1","Double sigmoid",0.132975667333564,"3_deg_log",0.501626462079092,1.57493170797769,36796.5000870819,1.75093331808322,46399.7459491149,1.98596146275949,1.21730767936347,0.51355004404505,-1,"Inaccurate fit",10,"Optimisation converges to 3 indentical values"
"196","Acc25177.1","Double sigmoid",0.132975667333564,"3_deg_log",0.454332614661734,0.0533167388269646,21130.4836657575,0.762497947725054,50523.5030089999,0.127481625937389,0,0.945903768642128,-9,"Inaccurate fit",10,"Optimisation converges to 3 indentical values"
"197","Acc25199.1","Double sigmoid",0.132975667333564,"3_deg_log",0.651312491676352,0.109341505750207,46772.1304586582,0.097072873453825,2752963.79512453,6.4357386264623,5.07662145753661,0.753928181126997,-6,"Inaccurate fit",8,"Optimisation nearly converges to 3 identical values"
"198","Acc25249.1","Double sigmoid",0.132975667333564,"3_deg_log",0.573203465264443,0.480772597373829,1806.77864368669,1.48991819417882,45540.6277403274,12.1180787481947,8.00613910972981,0.43344275351907,1,"Inaccurate fit",10,"Optimisation converges to 3 indentical values"
"199","Acc25365.1","Double sigmoid",0.132975667333564,"3_deg_log",0.449806023021391,0.137651928152968,89021.4987449176,4.06337492522959,676157.777757903,1.04552746422184,0.243526704673276,0.357881110154941,2,"Average fit",10,"Optimisation converges to 3 indentical values"
"200","Acc25599.1","Double sigmoid",0.132975667333564,"3_deg_log",0.522552114520142,3.18220438492849,23082.9092756188,3.86435548222212,22566.2116219855,3.11097256924004,1.22218246641912,0.229566874383066,5,"Pretty accurate fit",10,"Optimisation converges to 3 indentical values"
"201","Acc25794.1","Double sigmoid",0.132975667333564,"3_deg_log",0.444856742367727,0.213289626589056,18769.0455267399,3.92195643742141,363449.611503005,4.13020639813419,1.78254455906815,0.124222090705447,7,"Very accurate fit",10,"Optimisation converges to 3 indentical values"
"202","Acc25886.1","Double sigmoid",0.132975667333564,"3_deg_log",0.962771859988559,2.68690507441648,453682.061391909,5.56680197756489,1026739.20234045,6.08080197045255,2.9803610640843,0.362757891072801,2,"Average fit",10,"Optimisation converges to 3 indentical values"
"203","Acc25973.1","Double sigmoid",0.132975667333564,"3_deg_log",0.607852516809505,0.888011341331597,11450.9271789176,3.48933958238732,86424.5417505922,6.7021623703284,2.77852512499562,0.212244894793998,5,"Pretty accurate fit",10,"Optimisation converges to 3 indentical values"
"204","Acc26157.1","Double sigmoid",0.132975667333564,"3_deg_log",0.47865762677172,0.609208475151397,37629.2412204152,2.56662409028241,562549.624627001,9.10754476840403,4.91711301857204,0.305844160723814,3,"Average fit",10,"Optimisation converges to 3 indentical values"
"205","Acc26161.1","Double sigmoid",0.132975667333564,"3_deg_log",0.40956632530342,0.0508875089975521,7129.98960601536,2.28086443320054,43053.3408333292,0.307276362251964,0.0629270035215793,0.450702489531254,0,"Inaccurate fit",10,"Optimisation converges to 3 indentical values"
"206","Acc26523.1","Double sigmoid",0.132975667333564,"3_deg_log",0.528857686737408,0.153992036829884,19052.0106630458,2.24304403786876,299133.74025702,2.41781378151695,1.03498424442046,0.196464019891087,6,"Accurate fit",10,"Optimisation converges to 3 indentical values"
"207","Acc26532.1","Double sigmoid",0.132975667333564,"3_deg_log",0.501723469064906,1.80402993716393,62298.1220453654,1.02008864569369,16357.2074909456,0.473672255811812,0.0543647992176337,0.352016016493127,2,"Average fit",6,"Optimisation converges to 2 indentical values"
"208","Acc26560.1","Double sigmoid",0.132975667333564,"3_deg_log",0.438866962535587,0.476242791649924,2798.84251026161,3.56624139229983,17291.7751530452,2.94231749063269,1.3522568041944,0.183654179598359,6,"Accurate fit",10,"Optimisation converges to 3 indentical values"
"209","Acc26767.1","Double sigmoid",0.132975667333564,"3_deg_log",0.439689545563195,1.67485509569196,21119.6735328957,2.21025028124613,40060.8477196703,3.17694849006645,1.16420558560419,0.109054768320576,7,"Very accurate fit",10,"Optimisation converges to 3 indentical values"
"210","Acc26852.1","Double sigmoid",0.132975667333564,"3_deg_log",0.478936784140847,1.23889754109602,6237.66292722077,3.37203805925655,32117.1346064113,6.37896589719406,3.19542295891023,0.138043222935946,7,"Very accurate fit",10,"Optimisation converges to 3 indentical values"
"211","Acc26909.1","Double sigmoid",0.132975667333564,"3_deg_log",0.518214508659997,0.535609815749857,7517.53628254205,1.63618840009978,50829.5584768121,3.62150702400147,1.63899809322179,0.266291508814493,4,"Pretty accurate fit",10,"Optimisation converges to 3 indentical values"
"212","Acc26971.1","Double sigmoid",0.132975667333564,"3_deg_log",0.50994965551812,0.48655865406556,8291.21903883829,0.713870624040945,3615.16314032443,0.212150819263621,0,0.711351904583196,-5,"Inaccurate fit",10,"Optimisation converges to 3 indentical values"
"213","Acc27039.1","Double sigmoid",0.132975667333564,"3_deg_log",0.435438381507621,2.09635887163054,89403.4506965037,2.4041844161566,207264.201207425,4.85999302697604,1.91687156621404,0.179193325481392,6,"Accurate fit",10,"Optimisation converges to 3 indentical values"
"214","Acc27077.1","Double sigmoid",0.132975667333564,"3_deg_log",0.472538317249488,0.114582516254979,23776.4541438306,1.5525191234685,754181.045060561,3.63451847496241,1.11108924109533,0.517697710743126,-1,"Inaccurate fit",10,"Optimisation converges to 3 indentical values"
"215","Acc27084.1","Double sigmoid",0.132975667333564,"3_deg_log",0.474507296786706,1.28037204604843,51350.6455439572,1.189493126432,8545.04736248011,0.213061387236385,0,0.873807903991078,-8,"Inaccurate fit",10,"Optimisation converges to 3 indentical values"
"216","Acc27271.1","Double sigmoid",0.132975667333564,"3_deg_log",0.407889680473891,0.728539991110867,9715.79066815298,1.66561578672174,132197.671434096,9.91286182062036,3.63183126914439,0.181092709453377,6,"Accurate fit",10,"Optimisation converges to 3 indentical values"
"217","Acc27294.1","Double sigmoid",0.132975667333564,"3_deg_log",0.583272286951009,0.0914921143983693,9799.48322826138,0.295357019645988,40348.5908020264,0.376711485645039,0,0.786053010041532,-6,"Inaccurate fit",10,"Optimisation converges to 3 indentical values"
"218","Acc27309.1","Double sigmoid",0.132975667333564,"3_deg_log",0.964434368550696,0.338623535532272,7787.41530848992,1.92405518279799,356690.945443112,15.5101460823099,5.95605583742578,0.12638732316362,7,"Very accurate fit",10,"Optimisation converges to 3 indentical values"
"219","Acc27532.1","Double sigmoid",0.132975667333564,"3_deg_log",0.446125252916808,0.686001292814585,14242.9745267034,3.27666750434229,87378.3414543485,4.20850680377865,2.17339989118917,0.146802184291904,7,"Very accurate fit",10,"Optimisation converges to 3 indentical values"
"220","Acc27577.1","Double sigmoid",0.132975667333564,"3_deg_log",0.455985284653768,0.217171986987057,4886.93522108636,1.28114537261134,5160.03959689425,0.229308554644664,0,0.731473398081758,-5,"Inaccurate fit",10,"Optimisation converges to 3 indentical values"
"221","Acc27618.1","Double sigmoid",0.132975667333564,"3_deg_log",0.833648931800231,0.0764236854836461,24486.9745382618,4.68856771274203,348759.88401935,1.08847728999598,0.0891988470312151,0.230908083620979,5,"Pretty accurate fit",10,"Optimisation converges to 3 indentical values"
"222","Acc27651.1","Double sigmoid",0.132975667333564,"3_deg_log",0.446082535169481,0.255851020455824,5164.5733575398,2.52564738842612,108761.620612093,5.38800975290795,2.16796802612573,0.202278163380265,5,"Pretty accurate fit",10,"Optimisation converges to 3 indentical values"
"223","Acc27692.1","Double sigmoid",0.132975667333564,"3_deg_log",0.450945293666558,3.05103433472527,451579.459664011,2.47500671276617,949323.56493191,6.41397373017382,3.34056127054455,0.203524692917135,5,"Pretty accurate fit",10,"Optimisation converges to 3 indentical values"
"224","Acc27707.1","Double sigmoid",0.132975667333564,"3_deg_log",0.935714389749902,0.722035533520429,6180.672974733,0.871128990595308,44465.7824108977,5.19455972799512,1.91644753784057,0.619027600489425,-3,"Inaccurate fit",10,"Optimisation converges to 3 indentical values"
"225","Acc27863.1","Double sigmoid",0.132975667333564,"3_deg_log",0.520603524421457,0.628329162515696,7355.87761176927,1.0782435101087,2674.10541618092,0.228418484551636,0.0115608171752743,0.533224901060591,-1,"Inaccurate fit",10,"Optimisation converges to 3 indentical values"
"226","Acc28201.1","Double sigmoid",0.132975667333564,"3_deg_log",0.479637128765592,0.118524817808598,1970.30711107958,3.53310320382661,100418.455512579,6.04072282809139,3.6445023523349,0.393949206425998,2,"Average fit",10,"Optimisation converges to 3 indentical values"
"227","Acc28312.1","Double sigmoid",0.132975667333564,"3_deg_log",0.441489196184331,0.0506981028318342,13827.4141760811,2.30744050262459,68178.5579951084,0.249976134376689,0.0296528102530783,0.48841170023079,0,"Inaccurate fit",10,"Optimisation converges to 3 indentical values"
"228","Acc28571.1","Double sigmoid",0.132975667333564,"3_deg_log",0.463061090812729,0.0845636572823602,4807.94474403224,1.35049780883253,15364.3994191981,0.270233930713753,0,0.542039737457368,-1,"Inaccurate fit",6,"Optimisation converges to 2 indentical values"
"229","Acc28621.1","Double sigmoid",0.132975667333564,"3_deg_log",0.953803448222968,0.125591571449567,54119.2617461995,3.24171817670726,300671.399307464,0.697751453189704,0.560716797115343,0.449028299407678,1,"Inaccurate fit",10,"Optimisation converges to 3 indentical values"
"230","Acc28787.1","Double sigmoid",0.132975667333564,"3_deg_log",0.486504011510485,0.232578497102758,43692.5961166812,2.46946488539867,46454.6467264872,0.247281070006298,0,0.449698370050571,1,"Inaccurate fit",10,"Optimisation converges to 3 indentical values"
"231","Acc28827.1","Double sigmoid",0.132975667333564,"3_deg_log",0.444171723585405,0.648268920057347,3737.59055671196,3.23903098040564,33111.7526629705,5.74309031830211,3.51885207903604,0.141500578105871,7,"Very accurate fit",10,"Optimisation converges to 3 indentical values"
"232","Acc28834.1","Double sigmoid",0.132975667333564,"3_deg_log",0.913250877872018,0.0022831722681455,21725.3703159698,3.02956491674243,127631.33147569,0.0134130885841599,0,0.734529910638105,-5,"Inaccurate fit",10,"Optimisation converges to 3 indentical values"
"233","Acc28848.1","Double sigmoid",0.132975667333564,"3_deg_log",0.932487133487571,0.146495541524836,20265.6977192407,1.89824540308114,1948617.5692906,14.0860576325981,6.22375960110188,0.574196799922474,-2,"Inaccurate fit",10,"Optimisation converges to 3 indentical values"
"234","Acc28876.1","Double sigmoid",0.132975667333564,"3_deg_log",0.56561038340823,4.32812693468682,20806.5502898305,2.19050587585827,36123.6308185047,7.51434799841232,2.00405472089826,0.0754415863283232,8,"Excellent fit",10,"Optimisation converges to 3 indentical values"
"235","Acc28959.1","Double sigmoid",0.132975667333564,"3_deg_log",0.473655451538443,0.353339761749004,25441.0886458665,3.41129588441111,704434.392734834,9.78357034800753,5.48199684568696,0.187919766672234,6,"Accurate fit",10,"Optimisation converges to 3 indentical values"
"236","Acc28964.1","Double sigmoid",0.132975667333564,"3_deg_log",0.448646936414391,0.00444899148067489,687125.992016094,3.08081206122281,250504371.078164,1.62196136625329,0.518762625519556,0.139167431139581,7,"Very accurate fit",10,"Optimisation converges to 3 indentical values"
"237","Acc29081.1","Double sigmoid",0.132975667333564,"3_deg_log",0.479713749024022,3.11129838945914,15276.2599071622,2.88815773572144,21054.7735056719,4.28820164730971,2.55044927795148,0.204225751436627,5,"Pretty accurate fit",10,"Optimisation converges to 3 indentical values"
"238","Acc29141.1","Double sigmoid",0.132975667333564,"3_deg_log",0.445420746803992,1.54632447442864,8267.29038102846,0.491651897334048,3961.36316707068,0.740938389124239,0.25330653153989,0.407826854367618,1,"Inaccurate fit",10,"Optimisation converges to 3 indentical values"
"239","Acc29220.1","Double sigmoid",0.132975667333564,"3_deg_log",0.486433343764836,0.162625915998324,12018.4300792229,4.12511338027575,593391.628558529,8.02940621228851,4.30294685650137,0.179704735924279,6,"Accurate fit",10,"Optimisation converges to 3 indentical values"
"240","Acc29264.1","Double sigmoid",0.132975667333564,"3_deg_log",0.437137712085403,0.114085391155898,15276.647465559,1.80698864207855,920804.564723257,6.87653159382148,4.09707428296169,0.356843494648254,2,"Average fit",10,"Optimisation converges to 3 indentical values"
"241","Acc29296.1","Double sigmoid",0.132975667333564,"3_deg_log",0.402046258936072,0.325447840477237,20894.5650087504,2.07684050620409,19462.4514559367,0.303141644445579,0.0733370989215602,0.47406731234766,0,"Inaccurate fit",6,"Optimisation converges to 2 indentical values"
"242","Acc29573.1","Double sigmoid",0.132975667333564,"3_deg_log",0.633695800413088,1.81566264450059,11615.1678353938,1.24070047220477,55707.9875723192,8.70817481665203,3.66376613142105,0.122762403478594,7,"Very accurate fit",10,"Optimisation converges to 3 indentical values"
"243","Acc29591.1","Double sigmoid",0.132975667333564,"3_deg_log",0.463849641677881,0.292360471549889,2687.21208920758,1.53393233138166,3554.50886926076,0.386719713460275,0.0652977233249023,0.508739217221108,-1,"Inaccurate fit",6,"Optimisation converges to 2 indentical values"
"244","Acc29603.1","Double sigmoid",0.132975667333564,"3_deg_log",0.437410747285315,0.604310897313123,8982.42348348047,3.16247302810042,109420.021161831,7.36145554637176,4.01165283544451,0.144478315589058,7,"Very accurate fit",10,"Optimisation converges to 3 indentical values"
"245","Acc29805.1","Double sigmoid",0.132975667333564,"3_deg_log",0.445139686972368,0.194279548634111,3477.59148983654,2.95246195733581,45475.6916185382,2.54055051241481,0.756533321084444,0.408302711050351,1,"Inaccurate fit",10,"Optimisation converges to 3 indentical values"
"246","Acc29859.1","Double sigmoid",0.132975667333564,"3_deg_log",0.479604016963704,0.34160960386624,71192.2547249889,2.64225666398561,36976.124935764,0.177426595640344,0,0.635206283737986,-3,"Inaccurate fit",10,"Optimisation converges to 3 indentical values"
"247","Acc29900.1","Double sigmoid",0.132975667333564,"3_deg_log",0.615185035527799,0.414607721949009,4841.69211963639,3.06969235732638,37189.5072337933,3.18464216509645,1.69306952011673,0.330198927835913,3,"Average fit",10,"Optimisation converges to 3 indentical values"
"248","Acc30255.1","Double sigmoid",0.132975667333564,"3_deg_log",0.769015489057777,0.568259820553793,10206.4284258688,0.904081052881918,61492.9758005756,3.42372335705466,2.29469527947233,0.73255334782734,-5,"Inaccurate fit",10,"Optimisation converges to 3 indentical values"
"249","Acc30282.1","Double sigmoid",0.132975667333564,"3_deg_log",0.528066291903432,0.132645177074155,6906.98996726834,2.85481294321485,298614.161239045,5.73473082806124,2.75054303051838,0.167103859381502,6,"Accurate fit",10,"Optimisation converges to 3 indentical values"
"250","Acc30346.1","Double sigmoid",0.132975667333564,"3_deg_log",0.453226530287239,0.780838292949958,5811.49405479977,1.56937655458143,2879.09604600659,0.386838293320807,0.0868065604828999,0.514441727453059,-1,"Inaccurate fit",6,"Optimisation converges to 2 indentical values"
"251","Acc30369.1","Double sigmoid",0.132975667333564,"3_deg_log",0.431058959393134,0.268704902948096,32382.7107227932,2.64432494186652,611396.716580723,5.07324098954978,2.24608362543317,0.272914813606403,4,"Pretty accurate fit",10,"Optimisation converges to 3 indentical values"
"252","Acc30397.1","Double sigmoid",0.132975667333564,"3_deg_log",0.419823391622061,0.333012310508716,9453.94184319752,4.71833958304413,145920.415799231,5.14000356905718,3.09762366565613,0.21165792210739,5,"Pretty accurate fit",10,"Optimisation converges to 3 indentical values"
"253","Acc30513.1","Double sigmoid",0.132975667333564,"3_deg_log",0.663701886458364,0.0523701720719226,5683.27720886395,1.15679414390128,14622.331762532,0.134741629231492,0.0672267416099853,0.278914566409319,4,"Pretty accurate fit",10,"Optimisation converges to 3 indentical values"
"254","Acc30521.1","Double sigmoid",0.132975667333564,"3_deg_log",0.643991489639366,0.125759280054466,9105.7399007461,1.00283816988441,21323.1515812063,0.294493827033764,0.0538130887262888,0.115597714962749,7,"Very accurate fit",10,"Optimisation converges to 3 indentical values"
"255","Acc30585.1","Double sigmoid",0.132975667333564,"3_deg_log",0.85827259543624,0.0632631348826045,15227.1530737326,2.86232230803339,159567.314671703,0.662942606674432,0.477706551858827,0.479813294647692,0,"Inaccurate fit",10,"Optimisation converges to 3 indentical values"
"256","Acc30614.1","Double sigmoid",0.132975667333564,"3_deg_log",0.467975821225306,1.23320349116308,79885.5213452323,1.40767783489515,12197.6787847136,0.188297200895621,0,0.594568583283116,-2,"Inaccurate fit",10,"Optimisation converges to 3 indentical values"
"257","Acc30759.1","Double sigmoid",0.132975667333564,"3_deg_log",0.471945346328248,3.04037572238111,13524.5616768473,3.24705113800938,131544.559878549,29.5717447871684,18.0519071723063,0.231632580164289,5,"Pretty accurate fit",10,"Optimisation converges to 3 indentical values"
"258","Acc30767.1","Double sigmoid",0.132975667333564,"3_deg_log",0.834577476050745,0.0440503912889949,5285.89926449664,1.83221669680031,58531.083329077,0.48777265592861,0.242640514747316,0.300986057432531,3,"Average fit",10,"Optimisation converges to 3 indentical values"
"259","Acc30791.1","Double sigmoid",0.132975667333564,"3_deg_log",0.499433846679805,0.701694096053486,6181.32931444194,1.9824428643761,67043.2828655258,7.6106405877569,3.68188360269408,0.31976251720206,3,"Average fit",10,"Optimisation converges to 3 indentical values"
"260","Acc30907.1","Double sigmoid",0.132975667333564,"3_deg_log",0.532528745887154,0.896911039534425,9659.72208113733,3.36195662529889,84059.145998024,7.80494256317019,4.99557414594486,0.482561667735148,0,"Inaccurate fit",10,"Optimisation converges to 3 indentical values"
"261","Acc31046.1","Double sigmoid",0.132975667333564,"3_deg_log",0.898026213364446,0.0005356244647611,16976.2971422438,2.99772959101294,479750.062063891,0.0151367443712235,0,0.642093254179363,-3,"Inaccurate fit",10,"Optimisation converges to 3 indentical values"
"262","Acc31175.1","Double sigmoid",0.132975667333564,"3_deg_log",0.42800132796662,0.256787166956457,7323.71939656151,2.84985416944182,127451.582263807,4.46875814889994,1.95321182354427,0.147210966208537,7,"Very accurate fit",10,"Optimisation converges to 3 indentical values"
"263","Acc31182.1","Double sigmoid",0.132975667333564,"3_deg_log",2.36769441205526,34.2702925733483,49244.8092959667,0.106876084776826,46.9125422000369,0.0326472286021522,0.046896180217905,0.15458443298516,6,"Accurate fit",10,"Optimisation converges to 3 indentical values"
"264","Acc31280.1","Double sigmoid",0.132975667333564,"3_deg_log",0.477328941822204,0.104940628726294,4602.64067402785,0.705377649220282,119988.620417419,2.73575153012875,0.767150470476618,0.474685087650572,0,"Inaccurate fit",10,"Optimisation converges to 3 indentical values"
"265","Acc31594.1","Double sigmoid",0.132975667333564,"3_deg_log",0.461253350694513,0.119393105465355,113470.262589095,1.85453003911481,5279920.19567953,5.5555178457127,2.44690186853926,0.343907338550418,3,"Average fit",10,"Optimisation converges to 3 indentical values"
"266","Acc31610.1","Double sigmoid",0.132975667333564,"3_deg_log",0.594781078071718,0.677721531171929,163518.237964654,2.6864343963924,74485.7501919745,0.308715390398878,0,0.305984826883901,3,"Average fit",10,"Optimisation converges to 3 indentical values"
"267","Acc31818.1","Double sigmoid",0.132975667333564,"3_deg_log",0.545001157724635,1.21423020779397,5049.2790996292,1.01845417175081,31491.5204989339,7.57295343051576,5.37379816957912,0.291425252119498,4,"Pretty accurate fit",8,"Optimisation nearly converges to 3 identical values"
"268","Acc31897.1","Double sigmoid",0.132975667333564,"3_deg_log",0.480043549025179,0.49480415526151,4398.53261570237,3.2203747460318,43178.2472245977,4.85725081754977,2.25445657673682,0.318484144368395,3,"Average fit",10,"Optimisation converges to 3 indentical values"
"269","Acc31924.1","Double sigmoid",0.132975667333564,"3_deg_log",0.443948523170338,0.307539420260587,8735.96746159448,2.09382225171962,8573.03855979724,0.301803700636778,0.0671901020320071,0.418913315648776,1,"Inaccurate fit",6,"Optimisation converges to 2 indentical values"
"270","Acc32115.1","Double sigmoid",0.132975667333564,"3_deg_log",0.486961398350957,0.723947461500836,5409.5008249675,1.45210037016131,1113.67402763221,0.149041752895674,0,0.726278324140733,-5,"Inaccurate fit",10,"Optimisation converges to 3 indentical values"
"271","Acc32186.1","Double sigmoid",0.132975667333564,"3_deg_log",0.501635206515589,0.304873647612858,42733.5730633708,1.26524945999412,32165.5013026713,0.229477972621183,0.0103029132945679,0.617944368612733,-3,"Inaccurate fit",10,"Optimisation converges to 3 indentical values"
"272","Acc32190.1","Double sigmoid",0.132975667333564,"3_deg_log",0.461259181001877,1.61498942419895,37537.4641960545,3.46814678538578,145933.919333205,6.27857372368271,3.58112578724405,0.10232759217741,7,"Very accurate fit",10,"Optimisation converges to 3 indentical values"
"273","Acc32241.1","Double sigmoid",0.132975667333564,"3_deg_log",0.944912017665144,0.0745326945342817,5335.08343800257,1.98304370213301,115038.312130674,1.60711926578321,0.236633479626474,0.457031486758181,0,"Inaccurate fit",10,"Optimisation converges to 3 indentical values"
"274","Acc32275.1","Double sigmoid",0.132975667333564,"3_deg_log",0.884021249844183,1.48505691011919,399746.909097936,5.58672178001491,832233.553358282,3.09174170236042,1.71103249571867,0.176046052531806,6,"Accurate fit",10,"Optimisation converges to 3 indentical values"
"275","Acc32338.1","Double sigmoid",0.132975667333564,"3_deg_log",1.07929905202754,0.651047601495677,6034.57629227571,0.699190454394896,2460.89697149185,0.265496862284851,0.0367487374966375,0.237251254576176,5,"Pretty accurate fit",10,"Optimisation converges to 3 indentical values"
"276","Acc32486.1","Double sigmoid",0.132975667333564,"3_deg_log",0.437741820565093,16.9117262031912,16059.1946340548,3.00983821503368,8583.60404358784,9.03928028332952,4.65368782140405,0.154784392431863,6,"Accurate fit",10,"Optimisation converges to 3 indentical values"
"277","Acc32690.1","Double sigmoid",0.132975667333564,"3_deg_log",0.425099995631924,1.10775566497521,71829.1896449646,3.53190629205011,410782.819941793,6.33512640354442,3.54171015044811,0.100006609561619,7,"Very accurate fit",10,"Optimisation converges to 3 indentical values"
"278","Acc32766.1","Double sigmoid",0.132975667333564,"3_deg_log",0.435336305877828,0.182527713154815,13232.6978254891,3.85525032695881,314628.689227557,4.33989016411931,2.62775290389885,0.172259503057343,6,"Accurate fit",10,"Optimisation converges to 3 indentical values"
"279","Acc33028.1","Double sigmoid",0.132975667333564,"3_deg_log",0.485893652442825,0.226146113710464,71168.6894129932,3.08329105532566,52470.8082057892,0.166731598640624,0.0192934969703619,0.499238032944548,0,"Inaccurate fit",10,"Optimisation converges to 3 indentical values"
"280","Acc33147.1","Double sigmoid",0.132975667333564,"3_deg_log",0.476909100206296,1.76675082545282,143510.634676218,2.72561957059886,162563.911616408,2.00131457633867,0.651117368860364,0.13695595258328,7,"Very accurate fit",10,"Optimisation converges to 3 indentical values"
"281","Acc33237.1","Double sigmoid",0.132975667333564,"3_deg_log",0.486652134018613,0.96594020249953,20087.9013860993,3.50775963263522,371451.43985788,17.8614914589012,8.14470107545967,0.203596894453803,5,"Pretty accurate fit",8,"Optimisation nearly converges to 3 identical values"
"282","Acc33595.1","Double sigmoid",0.132975667333564,"3_deg_log",0.797088216934761,0.195730657977389,14760.4888580769,2.52555881848594,606934.21000109,8.04821801057733,4.56074557981859,0.153743744847417,6,"Accurate fit",10,"Optimisation converges to 3 indentical values"
